Student_ID,Professor_ID,Student_Gender,Professor_Gender,Faculty,Satisfaction_Score
S02041,P119,Female,Female,Translation,4.0
S01193,P069,Female,Male,Law,5.1
S02159,P125,Female,Male,Translation,9.4
S01713,P099,Male,Male,Humanities,5.9
S00846,P052,Female,Male,Engineering,7.8
S00737,P044,Male,Male,Engineering,8.5
S00964,P058,Female,Female,Law,8.4
S01795,P105,Female,Male,Humanities,7.7
S01623,P092,Female,Female,Humanities,7.7
S00806,P049,Female,Male,Engineering,9.5
S01281,P074,Female,Male,Law,7.9
S01969,P115,Male,Female,Translation,7.7
S01970,P116,Female,Female,Translation,8.5
S01802,P105,Female,Male,Humanities,8.0
S00734,P044,Female,Male,Engineering,7.4
S00496,P030,Female,Male,Economics,7.4
S00472,P028,Male,Male,Economics,7.7
S00444,P027,Female,Male,Economics,6.9
S01541,P088,Female,Female,Humanities,6.3
S01061,P062,Male,Female,Law,9.1
S01236,P071,Female,Male,Law,9.0
S00487,P029,Male,Male,Economics,7.3
S00999,P060,Female,Female,Law,9.4
S01823,P107,Female,Female,Translation,10.0
S01414,P079,Male,Male,Law,6.2
S01742,P101,Female,Male,Humanities,8.3
S01278,P074,Female,Male,Law,7.5
S01548,P088,Female,Female,Humanities,7.1
S00963,P058,Female,Female,Law,7.7
S00302,P017,Male,Male,Economics,7.5
S01284,P074,Female,Male,Law,6.9
S02063,P120,Female,Female,Translation,7.9
S01419,P080,Female,Female,Humanities,8.9
S00500,P030,Female,Male,Economics,5.9
S00392,P022,Male,Male,Economics,7.4
S01922,P112,Male,Female,Translation,4.7
S00762,P046,Female,Male,Engineering,7.3
S02068,P120,Male,Female,Translation,9.8
S01039,P061,Male,Female,Law,10.0
S01171,P066,Male,Female,Law,7.9
S02181,P125,Male,Male,Translation,7.4
S00433,P026,Male,Male,Economics,6.6
S01300,P074,Male,Male,Law,6.3
S02010,P118,Female,Female,Translation,9.4
S01262,P072,Female,Male,Law,8.0
S00844,P052,Female,Male,Engineering,9.4
S01774,P103,Female,Male,Humanities,5.3
S01083,P063,Male,Female,Law,8.9
S01335,P076,Male,Male,Law,7.5
S00385,P022,Female,Male,Economics,6.9
S02144,P124,Female,Male,Translation,7.9
S00800,P048,Male,Male,Engineering,7.6
S00661,P040,Male,Male,Engineering,7.8
S01845,P109,Female,Female,Translation,5.3
S01311,P075,Female,Male,Law,9.7
S01669,P096,Female,Female,Humanities,9.2
S01210,P070,Female,Male,Law,5.7
S01654,P094,Female,Female,Humanities,9.4
S01771,P103,Female,Male,Humanities,8.2
S00691,P042,Female,Male,Engineering,8.6
S01688,P097,Female,Male,Humanities,6.4
S01319,P075,Female,Male,Law,8.3
S01914,P112,Female,Female,Translation,5.3
S01112,P064,Female,Female,Law,8.6
S01070,P063,Female,Female,Law,8.6
S00887,P054,Female,Male,Engineering,8.4
S01282,P074,Female,Male,Law,5.7
S00381,P021,Male,Male,Economics,8.6
S00931,P056,Female,Male,Engineering,5.6
S01769,P103,Female,Male,Humanities,9.0
S00620,P038,Male,Male,Engineering,6.1
S00812,P049,Male,Male,Engineering,7.7
S01245,P071,Male,Male,Law,7.5
S00594,P037,Male,Male,Engineering,10.0
S00299,P017,Male,Male,Economics,7.3
S00566,P034,Female,Female,Engineering,5.8
S00247,P015,Female,Male,Economics,5.9
S00623,P038,Male,Male,Engineering,9.0
S01923,P112,Male,Female,Translation,6.1
S00204,P012,Female,Male,Economics,8.0
S01457,P082,Female,Female,Humanities,6.5
S01788,P104,Male,Male,Humanities,10.0
S01829,P107,Male,Female,Translation,6.6
S01907,P112,Female,Female,Translation,5.3
S00417,P024,Male,Male,Economics,6.2
S00398,P023,Female,Male,Economics,10.0
S01450,P081,Male,Female,Humanities,7.5
S00532,P032,Male,Female,Engineering,7.4
S00563,P034,Female,Female,Engineering,5.8
S02200,P126,Male,Male,Translation,8.8
S01045,P061,Male,Female,Law,9.1
S00911,P055,Female,Male,Engineering,6.5
S00320,P018,Male,Male,Economics,6.7
S00043,P002,Male,Female,Economics,5.6
S01389,P078,Male,Male,Law,7.0
S01102,P064,Female,Female,Law,8.9
S01706,P098,Male,Male,Humanities,6.9
S00970,P058,Female,Female,Law,8.4
S01357,P077,Female,Male,Law,6.6
S00129,P007,Female,Female,Economics,7.4
S00084,P005,Female,Female,Economics,7.9
S00264,P016,Female,Male,Economics,7.1
S01901,P111,Male,Female,Translation,6.3
S01540,P088,Female,Female,Humanities,7.0
S01408,P079,Male,Male,Law,4.5
S01462,P082,Female,Female,Humanities,6.6
S00665,P040,Male,Male,Engineering,7.7
S01228,P070,Male,Male,Law,7.1
S01834,P108,Female,Female,Translation,5.6
S01437,P081,Female,Female,Humanities,8.9
S02081,P121,Female,Male,Translation,7.2
S01656,P094,Female,Female,Humanities,9.2
S00786,P048,Female,Male,Engineering,6.6
S01056,P062,Female,Female,Law,7.0
S00803,P048,Male,Male,Engineering,8.8
S01059,P062,Male,Female,Law,6.7
S01653,P094,Female,Female,Humanities,8.2
S02101,P121,Female,Male,Translation,8.8
S02065,P120,Female,Female,Translation,9.8
S01528,P087,Female,Female,Humanities,7.7
S01247,P072,Female,Male,Law,7.8
S02050,P119,Male,Female,Translation,7.2
S01360,P077,Female,Male,Law,6.9
S00764,P046,Male,Male,Engineering,8.2
S01530,P087,Female,Female,Humanities,8.7
S00475,P029,Female,Male,Economics,6.5
S02072,P120,Male,Female,Translation,9.4
S01789,P104,Male,Male,Humanities,9.2
S01025,P061,Female,Female,Law,10.0
S01267,P072,Male,Male,Law,8.0
S00051,P003,Female,Female,Economics,6.8
S01420,P080,Female,Female,Humanities,10.0
S00967,P058,Female,Female,Law,7.5
S00132,P007,Female,Female,Economics,7.8
S00028,P002,Female,Female,Economics,7.6
S00461,P027,Male,Male,Economics,5.2
S01177,P067,Male,Male,Law,8.7
S01812,P106,Female,Female,Translation,6.6
S01202,P069,Female,Male,Law,6.8
S01235,P071,Female,Male,Law,8.7
S01199,P069,Female,Male,Law,5.4
S02189,P126,Female,Male,Translation,7.4
S01009,P060,Female,Female,Law,10.0
S02107,P122,Female,Male,Translation,7.3
S01966,P115,Male,Female,Translation,7.8
S00783,P047,Male,Male,Engineering,10.0
S01320,P075,Female,Male,Law,7.6
S00301,P017,Male,Male,Economics,7.4
S00750,P045,Female,Male,Engineering,7.9
S00490,P030,Female,Male,Economics,5.9
S00770,P046,Male,Male,Engineering,9.9
S02024,P118,Male,Female,Translation,9.0
S01315,P075,Female,Male,Law,7.8
S00157,P009,Female,Female,Economics,8.2
S00948,P056,Male,Male,Engineering,6.9
S02131,P123,Female,Male,Translation,6.6
S00251,P015,Female,Male,Economics,8.5
S01827,P107,Female,Female,Translation,9.4
S01495,P085,Male,Female,Humanities,10.0
S02096,P121,Female,Male,Translation,8.5
S02218,P127,Female,Male,Translation,8.0
S02220,P128,Female,Male,Translation,6.9
S01737,P100,Male,Male,Humanities,7.5
S01808,P106,Female,Female,Translation,7.1
S00421,P025,Female,Male,Economics,4.8
S00229,P014,Female,Male,Economics,7.5
S01135,P065,Female,Female,Law,7.5
S00634,P039,Female,Male,Engineering,7.5
S01128,P065,Female,Female,Law,8.8
S00567,P034,Female,Female,Engineering,6.7
S01826,P107,Female,Female,Translation,8.4
S00666,P040,Male,Male,Engineering,8.7
S01787,P104,Male,Male,Humanities,8.1
S00674,P041,Female,Male,Engineering,8.4
S00568,P034,Male,Female,Engineering,6.1
S01170,P066,Male,Female,Law,8.7
S01219,P070,Female,Male,Law,5.9
S00993,P059,Male,Female,Law,7.5
S01518,P087,Female,Female,Humanities,9.4
S02157,P125,Female,Male,Translation,8.0
S02160,P125,Female,Male,Translation,7.0
S01599,P090,Male,Female,Humanities,7.1
S01351,P077,Female,Male,Law,6.8
S00740,P044,Male,Male,Engineering,6.9
S00976,P058,Female,Female,Law,8.1
S00981,P058,Male,Female,Law,7.5
S00062,P004,Female,Female,Economics,7.5
S00629,P039,Female,Male,Engineering,6.9
S01517,P086,Male,Female,Humanities,9.8
S01476,P083,Male,Female,Humanities,6.4
S01266,P072,Female,Male,Law,10.0
S01751,P102,Female,Male,Humanities,9.5
S01279,P074,Female,Male,Law,8.3
S01853,P109,Male,Female,Translation,6.6
S01438,P081,Female,Female,Humanities,8.4
S01785,P104,Male,Male,Humanities,8.1
S01270,P073,Female,Male,Law,8.7
S00751,P045,Female,Male,Engineering,8.9
S00507,P030,Male,Male,Economics,7.9
S01580,P090,Female,Female,Humanities,7.0
S02005,P117,Male,Female,Translation,8.4
S01572,P089,Male,Female,Humanities,7.6
S01108,P064,Female,Female,Law,7.8
S00923,P056,Female,Male,Engineering,6.7
S00513,P031,Female,Female,Engineering,8.2
S00235,P014,Male,Male,Economics,7.5
S00331,P019,Female,Male,Economics,5.6
S01745,P101,Male,Male,Humanities,8.2
S01942,P113,Male,Female,Translation,5.1
S00713,P043,Male,Male,Engineering,7.2
S02025,P118,Male,Female,Translation,9.4
S00626,P039,Female,Male,Engineering,7.8
S01058,P062,Male,Female,Law,7.6
S01944,P114,Female,Female,Translation,8.4
S00533,P032,Male,Female,Engineering,6.6
S02037,P119,Female,Female,Translation,5.8
S02183,P126,Female,Male,Translation,7.7
S00557,P034,Female,Female,Engineering,6.2
S01858,P110,Female,Female,Translation,8.2
S01726,P100,Male,Male,Humanities,9.1
S01638,P093,Female,Female,Humanities,9.0
S02003,P117,Male,Female,Translation,8.9
S00180,P010,Female,Female,Economics,6.1
S00688,P041,Male,Male,Engineering,10.0
S00958,P057,Male,Female,Law,9.2
S01508,P086,Female,Female,Humanities,7.8
S00408,P024,Female,Male,Economics,7.0
S01110,P064,Female,Female,Law,9.5
S01506,P085,Male,Female,Humanities,9.2
S01117,P064,Male,Female,Law,9.4
S01712,P099,Male,Male,Humanities,5.2
S01536,P087,Male,Female,Humanities,7.6
S01755,P102,Female,Male,Humanities,7.0
S02087,P121,Female,Male,Translation,7.6
S01016,P060,Female,Female,Law,8.9
S00321,P018,Male,Male,Economics,7.1
S00491,P030,Female,Male,Economics,5.9
S01196,P069,Female,Male,Law,6.3
S00460,P027,Male,Male,Economics,5.2
S01885,P111,Female,Female,Translation,6.6
S00293,P017,Male,Male,Economics,7.7
S02090,P121,Female,Male,Translation,10.0
S01483,P084,Male,Female,Humanities,8.1
S00270,P016,Female,Male,Economics,7.4
S00523,P032,Female,Female,Engineering,6.9
S01352,P077,Female,Male,Law,6.8
S01007,P060,Female,Female,Law,7.0
S00058,P003,Male,Female,Economics,6.0
S01613,P091,Male,Female,Humanities,7.5
S01538,P088,Female,Female,Humanities,7.3
S01852,P109,Male,Female,Translation,7.0
S02020,P118,Male,Female,Translation,8.2
S00317,P018,Female,Male,Economics,8.0
S01584,P090,Male,Female,Humanities,6.3
S00025,P002,Female,Female,Economics,6.7
S01696,P097,Male,Male,Humanities,6.6
S01870,P110,Female,Female,Translation,9.1
S01466,P082,Male,Female,Humanities,6.4
S00651,P040,Female,Male,Engineering,8.6
S00692,P042,Female,Male,Engineering,8.2
S00644,P039,Male,Male,Engineering,7.4
S00825,P050,Male,Male,Engineering,9.3
S00063,P004,Female,Female,Economics,7.3
S01293,P074,Male,Male,Law,7.1
S00083,P005,Female,Female,Economics,8.8
S01041,P061,Male,Female,Law,9.7
S00085,P005,Female,Female,Economics,7.5
S02237,P128,Female,Male,Translation,7.3
S00427,P026,Female,Male,Economics,5.6
S01431,P081,Female,Female,Humanities,9.9
S02195,P126,Female,Male,Translation,8.8
S00592,P037,Female,Male,Engineering,9.6
S01501,P085,Male,Female,Humanities,9.8
S02216,P127,Female,Male,Translation,8.6
S00228,P014,Female,Male,Economics,7.9
S00053,P003,Female,Female,Economics,5.2
S01607,P091,Female,Female,Humanities,6.3
S02057,P120,Female,Female,Translation,6.0
S00469,P028,Male,Male,Economics,7.0
S00181,P010,Female,Female,Economics,8.5
S00876,P054,Female,Male,Engineering,7.7
S00364,P021,Female,Male,Economics,9.0
S01465,P082,Male,Female,Humanities,7.0
S00034,P002,Male,Female,Economics,6.6
S02206,P127,Female,Male,Translation,7.9
S00493,P030,Female,Male,Economics,6.4
S02226,P128,Female,Male,Translation,8.6
S00279,P016,Male,Male,Economics,8.3
S02097,P121,Female,Male,Translation,6.2
S02016,P118,Female,Female,Translation,10.0
S00316,P018,Female,Male,Economics,8.3
S01738,P100,Male,Male,Humanities,5.1
S00138,P007,Male,Female,Economics,8.1
S00150,P008,Female,Female,Economics,9.8
S00705,P042,Female,Male,Engineering,6.6
S00045,P002,Male,Female,Economics,5.3
S01735,P100,Male,Male,Humanities,6.1
S01503,P085,Male,Female,Humanities,9.5
S00108,P006,Female,Female,Economics,9.3
S01421,P080,Female,Female,Humanities,10.0
S00391,P022,Male,Male,Economics,8.4
S00455,P027,Female,Male,Economics,5.8
S00471,P028,Male,Male,Economics,7.3
S01148,P066,Female,Female,Law,9.3
S01967,P115,Male,Female,Translation,7.3
S00363,P021,Female,Male,Economics,7.8
S00649,P040,Female,Male,Engineering,8.6
S00479,P029,Female,Male,Economics,6.0
S01339,P076,Male,Male,Law,7.7
S02147,P124,Male,Male,Translation,7.6
S01167,P066,Male,Female,Law,7.9
S00256,P015,Male,Male,Economics,7.0
S00219,P013,Female,Male,Economics,10.0
S00909,P055,Female,Male,Engineering,8.3
S00269,P016,Female,Male,Economics,6.0
S01621,P092,Female,Female,Humanities,8.1
S00186,P010,Male,Female,Economics,8.4
S01694,P097,Male,Male,Humanities,6.0
S01817,P106,Male,Female,Translation,6.7
S00878,P054,Female,Male,Engineering,8.3
S01317,P075,Female,Male,Law,9.2
S01949,P114,Female,Female,Translation,7.0
S00227,P014,Female,Male,Economics,7.2
S01746,P101,Male,Male,Humanities,7.3
S00350,P020,Female,Male,Economics,4.5
S00036,P002,Male,Female,Economics,4.7
S01249,P072,Female,Male,Law,8.0
S01570,P089,Male,Female,Humanities,6.7
S02036,P119,Female,Female,Translation,6.8
S02227,P128,Female,Male,Translation,8.4
S00040,P002,Male,Female,Economics,6.2
S01794,P105,Female,Male,Humanities,7.4
S00436,P026,Male,Male,Economics,5.8
S00577,P035,Male,Female,Engineering,9.1
S00224,P013,Female,Male,Economics,7.2
S01153,P066,Female,Female,Law,8.9
S00207,P012,Female,Male,Economics,6.8
S00009,P001,Male,Female,Economics,7.1
S01936,P113,Male,Female,Translation,5.6
S01996,P117,Male,Female,Translation,8.4
S00098,P005,Male,Female,Economics,8.5
S00110,P006,Female,Female,Economics,10.0
S01145,P065,Male,Female,Law,7.9
S01428,P080,Male,Female,Humanities,10.0
S01866,P110,Female,Female,Translation,8.3
S00520,P032,Female,Female,Engineering,6.8
S01614,P091,Male,Female,Humanities,8.6
S01984,P116,Male,Female,Translation,8.7
S01527,P087,Female,Female,Humanities,7.5
S01436,P081,Female,Female,Humanities,8.1
S00412,P024,Female,Male,Economics,6.0
S00643,P039,Male,Male,Engineering,7.7
S00202,P011,Male,Female,Economics,6.6
S01856,P109,Male,Female,Translation,6.8
S01626,P092,Male,Female,Humanities,7.8
S00192,P011,Female,Female,Economics,7.3
S00637,P039,Female,Male,Engineering,7.3
S00622,P038,Male,Male,Engineering,4.8
S00407,P023,Male,Male,Economics,10.0
S01491,P085,Female,Female,Humanities,9.3
S02164,P125,Female,Male,Translation,8.4
S02121,P123,Female,Male,Translation,8.9
S00779,P047,Female,Male,Engineering,6.3
S01886,P111,Female,Female,Translation,7.4
S01400,P079,Female,Male,Law,8.8
S01753,P102,Female,Male,Humanities,9.5
S02219,P127,Male,Male,Translation,7.4
S01093,P064,Female,Female,Law,7.0
S01099,P064,Female,Female,Law,8.1
S02047,P119,Male,Female,Translation,5.2
S01896,P111,Male,Female,Translation,7.5
S01848,P109,Male,Female,Translation,5.3
S00497,P030,Female,Male,Economics,7.3
S01312,P075,Female,Male,Law,8.4
S00348,P020,Female,Male,Economics,5.1
S01471,P083,Female,Female,Humanities,7.8
S00746,P045,Female,Male,Engineering,8.0
S01138,P065,Female,Female,Law,8.1
S01081,P063,Male,Female,Law,8.3
S00178,P010,Female,Female,Economics,7.2
S01269,P073,Female,Male,Law,7.7
S02221,P128,Female,Male,Translation,7.6
S01332,P076,Female,Male,Law,7.9
S00501,P030,Female,Male,Economics,8.2
S00026,P002,Female,Female,Economics,6.8
S00130,P007,Female,Female,Economics,7.2
S01101,P064,Female,Female,Law,9.6
S02139,P124,Female,Male,Translation,7.8
S00021,P002,Female,Female,Economics,6.4
S01938,P113,Male,Female,Translation,5.8
S01715,P099,Male,Male,Humanities,8.4
S01368,P077,Female,Male,Law,6.8
S01987,P117,Female,Female,Translation,10.0
S00720,P044,Female,Male,Engineering,7.7
S01405,P079,Female,Male,Law,5.7
S01032,P061,Male,Female,Law,8.6
S00696,P042,Female,Male,Engineering,8.6
S01525,P087,Female,Female,Humanities,8.2
S00863,P053,Male,Male,Engineering,10.0
S01532,P087,Male,Female,Humanities,7.7
S01583,P090,Female,Female,Humanities,7.5
S02240,P128,Female,Male,Translation,8.4
S00494,P030,Female,Male,Economics,8.2
S01361,P077,Female,Male,Law,7.3
S01497,P085,Male,Female,Humanities,8.2
S00187,P011,Female,Female,Economics,6.3
S00435,P026,Male,Male,Economics,6.3
S00413,P024,Female,Male,Economics,7.3
S00678,P041,Male,Male,Engineering,7.6
S01510,P086,Female,Female,Humanities,6.1
S00996,P059,Male,Female,Law,6.2
S00278,P016,Male,Male,Economics,7.2
S01490,P085,Female,Female,Humanities,10.0
S00395,P023,Female,Male,Economics,10.0
S00018,P002,Female,Female,Economics,6.5
S01160,P066,Male,Female,Law,7.3
S01232,P070,Male,Male,Law,6.6
S01565,P089,Female,Female,Humanities,6.5
S02128,P123,Female,Male,Translation,7.2
S01981,P116,Male,Female,Translation,8.4
S00512,P031,Female,Female,Engineering,9.9
S01305,P075,Female,Male,Law,8.4
S00630,P039,Female,Male,Engineering,8.7
S00658,P040,Male,Male,Engineering,8.3
S01728,P100,Male,Male,Humanities,5.8
S00694,P042,Female,Male,Engineering,7.6
S01793,P105,Female,Male,Humanities,6.9
S00960,P057,Male,Female,Law,6.5
S00991,P059,Female,Female,Law,6.1
S01729,P100,Male,Male,Humanities,4.7
S01752,P102,Female,Male,Humanities,10.0
S00485,P029,Male,Male,Economics,6.5
S00117,P006,Female,Female,Economics,8.5
S00608,P038,Female,Male,Engineering,7.5
S00445,P027,Female,Male,Economics,7.2
S00754,P045,Male,Male,Engineering,7.1
S00044,P002,Male,Female,Economics,5.7
S01049,P061,Male,Female,Law,9.0
S01762,P102,Male,Male,Humanities,9.7
S01463,P082,Male,Female,Humanities,7.9
S00861,P053,Male,Male,Engineering,8.5
S00210,P012,Male,Male,Economics,4.5
S01328,P076,Female,Male,Law,6.2
S00850,P053,Female,Male,Engineering,9.9
S00128,P007,Female,Female,Economics,7.6
S01665,P095,Female,Female,Humanities,9.1
S02151,P124,Male,Male,Translation,7.1
S02076,P120,Male,Female,Translation,7.6
S00011,P001,Male,Female,Economics,5.9
S00318,P018,Male,Male,Economics,7.7
S01502,P085,Male,Female,Humanities,9.9
S00266,P016,Female,Male,Economics,7.7
S01803,P105,Female,Male,Humanities,7.0
S00926,P056,Female,Male,Engineering,5.7
S01910,P112,Female,Female,Translation,5.9
S01429,P080,Male,Female,Humanities,10.0
S00136,P007,Male,Female,Economics,6.9
S01036,P061,Male,Female,Law,9.0
S02069,P120,Male,Female,Translation,8.5
S00209,P012,Male,Male,Economics,6.6
S01477,P084,Female,Female,Humanities,7.7
S00052,P003,Female,Female,Economics,9.2
S00280,P016,Male,Male,Economics,7.6
S02238,P128,Female,Male,Translation,6.5
S01418,P080,Female,Female,Humanities,9.2
S01084,P063,Male,Female,Law,8.7
S02060,P120,Female,Female,Translation,8.2
S00483,P029,Male,Male,Economics,5.1
S00748,P045,Female,Male,Engineering,6.4
S00322,P018,Male,Male,Economics,8.0
S01231,P070,Male,Male,Law,6.9
S00126,P006,Male,Female,Economics,8.3
S02082,P121,Female,Male,Translation,7.0
S00860,P053,Male,Male,Engineering,7.8
S01551,P088,Male,Female,Humanities,6.9
S00240,P014,Male,Male,Economics,7.5
S02125,P123,Female,Male,Translation,6.9
S01658,P095,Female,Female,Humanities,7.9
S00607,P038,Female,Male,Engineering,8.1
S01096,P064,Female,Female,Law,9.3
S01459,P082,Female,Female,Humanities,8.6
S00819,P050,Female,Male,Engineering,8.7
S00365,P021,Female,Male,Economics,7.4
S00767,P046,Male,Male,Engineering,6.6
S01534,P087,Male,Female,Humanities,8.0
S01705,P098,Male,Male,Humanities,9.2
S01939,P113,Male,Female,Translation,6.1
S01127,P065,Female,Female,Law,8.3
S01163,P066,Male,Female,Law,8.3
S01740,P100,Male,Male,Humanities,7.4
S01201,P069,Female,Male,Law,6.2
S01430,P081,Female,Female,Humanities,8.3
S01778,P103,Male,Male,Humanities,8.0
S00165,P009,Female,Female,Economics,7.8
S00529,P032,Female,Female,Engineering,7.8
S01999,P117,Male,Female,Translation,10.0
S00448,P027,Female,Male,Economics,7.7
S00206,P012,Female,Male,Economics,6.9
S00105,P006,Female,Female,Economics,8.7
S00231,P014,Female,Male,Economics,7.6
S00272,P016,Female,Male,Economics,7.4
S01908,P112,Female,Female,Translation,4.5
S01094,P064,Female,Female,Law,7.7
S01137,P065,Female,Female,Law,7.7
S00174,P009,Male,Female,Economics,7.5
S00488,P029,Male,Male,Economics,6.2
S01792,P104,Male,Male,Humanities,9.6
S00465,P028,Female,Male,Economics,9.1
S00527,P032,Female,Female,Engineering,7.3
S00932,P056,Female,Male,Engineering,10.0
S00372,P021,Female,Male,Economics,10.0
S01652,P094,Female,Female,Humanities,9.2
S01629,P092,Male,Female,Humanities,7.6
S02236,P128,Female,Male,Translation,7.8
S00535,P032,Male,Female,Engineering,6.0
S00765,P046,Male,Male,Engineering,9.0
S01182,P068,Female,Male,Law,9.2
S02073,P120,Male,Female,Translation,8.9
S02178,P125,Male,Male,Translation,6.6
S01546,P088,Female,Female,Humanities,5.9
S01983,P116,Male,Female,Translation,7.5
S00933,P056,Female,Male,Engineering,6.6
S00443,P027,Female,Male,Economics,6.0
S00865,P053,Male,Male,Engineering,7.5
S01227,P070,Male,Male,Law,6.7
S00540,P032,Male,Female,Engineering,7.3
S01722,P100,Female,Male,Humanities,5.7
S01596,P090,Male,Female,Humanities,5.5
S00388,P022,Female,Male,Economics,6.3
S01644,P093,Female,Female,Humanities,8.1
S00564,P034,Female,Female,Engineering,7.8
S00405,P023,Male,Male,Economics,10.0
S02222,P128,Female,Male,Translation,8.8
S00255,P015,Male,Male,Economics,6.6
S00037,P002,Male,Female,Economics,6.9
S00289,P017,Female,Male,Economics,7.6
S00067,P004,Male,Female,Economics,6.2
S01847,P109,Female,Female,Translation,6.8
S00653,P040,Male,Male,Engineering,8.7
S00816,P050,Female,Male,Engineering,7.3
S01191,P069,Female,Male,Law,6.8
S02136,P124,Female,Male,Translation,6.4
S01060,P062,Male,Female,Law,8.7
S01008,P060,Female,Female,Law,8.9
S01835,P108,Female,Female,Translation,8.2
S01050,P062,Female,Female,Law,8.2
S00625,P038,Male,Male,Engineering,8.3
S01121,P065,Female,Female,Law,8.2
S00823,P050,Male,Male,Engineering,8.4
S01449,P081,Male,Female,Humanities,9.1
S00481,P029,Female,Male,Economics,4.9
S00191,P011,Female,Female,Economics,6.4
S00684,P041,Male,Male,Engineering,7.3
S01372,P078,Female,Male,Law,6.0
S00828,P050,Male,Male,Engineering,8.6
S00772,P047,Female,Male,Engineering,8.1
S01563,P089,Female,Female,Humanities,7.7
S00795,P048,Male,Male,Engineering,6.7
S00580,P036,Female,Male,Engineering,9.3
S01067,P063,Female,Female,Law,8.1
S00693,P042,Female,Male,Engineering,6.6
S01257,P072,Female,Male,Law,8.4
S01416,P080,Female,Female,Humanities,10.0
S01512,P086,Female,Female,Humanities,9.7
S01697,P097,Male,Male,Humanities,7.1
S00294,P017,Male,Male,Economics,8.4
S01097,P064,Female,Female,Law,9.4
S00073,P004,Male,Female,Economics,6.9
S01371,P078,Female,Male,Law,5.9
S00113,P006,Female,Female,Economics,7.3
S02175,P125,Male,Male,Translation,10.0
S01395,P079,Female,Male,Law,5.9
S00807,P049,Female,Male,Engineering,5.0
S01004,P060,Female,Female,Law,10.0
S01920,P112,Male,Female,Translation,6.1
S00536,P032,Male,Female,Engineering,7.8
S01313,P075,Female,Male,Law,8.0
S00832,P051,Female,Male,Engineering,6.5
S00189,P011,Female,Female,Economics,8.7
S01111,P064,Female,Female,Law,10.0
S00817,P050,Female,Male,Engineering,9.8
S00915,P055,Female,Male,Engineering,10.0
S01926,P113,Female,Female,Translation,7.1
S00164,P009,Female,Female,Economics,8.7
S00974,P058,Female,Female,Law,8.8
S01685,P097,Female,Male,Humanities,7.3
S01033,P061,Male,Female,Law,9.6
S01924,P113,Female,Female,Translation,6.0
S00990,P059,Female,Female,Law,5.7
S01296,P074,Male,Male,Law,7.1
S00125,P006,Female,Female,Economics,8.2
S01917,P112,Female,Female,Translation,6.9
S00869,P053,Male,Male,Engineering,7.8
S01302,P074,Male,Male,Law,6.8
S01020,P060,Male,Female,Law,10.0
S01615,P091,Male,Female,Humanities,8.4
S00919,P055,Female,Male,Engineering,7.1
S00978,P058,Female,Female,Law,9.5
S00355,P020,Male,Male,Economics,7.5
S01741,P101,Female,Male,Humanities,6.5
S01960,P115,Female,Female,Translation,8.3
S01323,P075,Female,Male,Law,7.8
S00027,P002,Female,Female,Economics,5.4
S01620,P092,Female,Female,Humanities,8.0
S01217,P070,Female,Male,Law,6.7
S00588,P036,Male,Male,Engineering,10.0
S00738,P044,Male,Male,Engineering,6.9
S00434,P026,Male,Male,Economics,7.2
S00197,P011,Male,Female,Economics,6.5
S01469,P083,Female,Female,Humanities,7.8
S01350,P077,Female,Male,Law,7.3
S02094,P121,Female,Male,Translation,8.9
S00312,P018,Female,Male,Economics,7.7
S00001,P001,Female,Female,Economics,6.5
S00883,P054,Female,Male,Engineering,9.1
S00162,P009,Female,Female,Economics,10.0
S01151,P066,Female,Female,Law,8.2
S01895,P111,Male,Female,Translation,6.4
S00220,P013,Female,Male,Economics,8.1
S02246,P128,Male,Male,Translation,8.7
S00335,P019,Male,Male,Economics,6.8
S02198,P126,Female,Male,Translation,7.9
S00771,P047,Female,Male,Engineering,10.0
S01554,P088,Male,Female,Humanities,5.7
S01952,P114,Female,Female,Translation,6.8
S01367,P077,Female,Male,Law,6.4
S02215,P127,Female,Male,Translation,8.9
S00774,P047,Female,Male,Engineering,7.8
S00574,P035,Female,Female,Engineering,8.0
S00859,P053,Female,Male,Engineering,8.2
S00685,P041,Male,Male,Engineering,9.9
S01229,P070,Male,Male,Law,6.5
S00196,P011,Female,Female,Economics,7.9
S00426,P026,Female,Male,Economics,6.6
S01575,P090,Female,Female,Humanities,6.6
S01204,P069,Female,Male,Law,5.7
S01610,P091,Male,Female,Humanities,5.4
S00404,P023,Male,Male,Economics,7.9
S01327,P076,Female,Male,Law,7.7
S02234,P128,Female,Male,Translation,7.3
S00985,P059,Female,Female,Law,6.7
S00585,P036,Male,Male,Engineering,9.5
S01492,P085,Female,Female,Humanities,10.0
S00797,P048,Male,Male,Engineering,7.4
S01772,P103,Female,Male,Humanities,7.5
S01839,P109,Female,Female,Translation,7.8
S01859,P110,Female,Female,Translation,6.6
S01105,P064,Female,Female,Law,9.7
S01307,P075,Female,Male,Law,9.8
S01600,P091,Female,Female,Humanities,8.4
S01404,P079,Female,Male,Law,6.9
S01702,P098,Male,Male,Humanities,7.8
S02011,P118,Female,Female,Translation,8.6
S00339,P019,Male,Male,Economics,6.2
S00677,P041,Male,Male,Engineering,6.1
S01855,P109,Male,Female,Translation,7.1
S01256,P072,Female,Male,Law,8.1
S01625,P092,Male,Female,Humanities,7.9
S01611,P091,Male,Female,Humanities,9.5
S01103,P064,Female,Female,Law,9.5
S02231,P128,Female,Male,Translation,8.6
S00156,P008,Male,Female,Economics,7.7
S01880,P110,Male,Female,Translation,7.9
S01018,P060,Female,Female,Law,8.9
S00752,P045,Male,Male,Engineering,7.0
S00078,P005,Female,Female,Economics,8.8
S00632,P039,Female,Male,Engineering,8.6
S00508,P031,Female,Female,Engineering,9.1
S00281,P016,Male,Male,Economics,7.7
S01913,P112,Female,Female,Translation,6.6
S02089,P121,Female,Male,Translation,9.7
S00462,P027,Male,Male,Economics,5.3
S01078,P063,Male,Female,Law,8.7
S01660,P095,Female,Female,Humanities,9.4
S00862,P053,Male,Male,Engineering,7.7
S01181,P068,Female,Male,Law,8.9
S01052,P062,Female,Female,Law,8.6
S00517,P031,Male,Female,Engineering,8.1
S01718,P100,Female,Male,Humanities,6.2
S02040,P119,Female,Female,Translation,5.2
S00628,P039,Female,Male,Engineering,7.0
S00615,P038,Female,Male,Engineering,9.4
S00718,P043,Male,Male,Engineering,7.9
S01214,P070,Female,Male,Law,8.0
S00715,P043,Male,Male,Engineering,10.0
S00541,P033,Female,Female,Engineering,6.5
S00648,P040,Female,Male,Engineering,7.6
S00265,P016,Female,Male,Economics,6.5
S00701,P042,Female,Male,Engineering,7.6
S01927,P113,Female,Female,Translation,6.0
S00242,P014,Male,Male,Economics,6.6
S00647,P040,Female,Male,Engineering,8.1
S01345,P076,Male,Male,Law,7.7
S01635,P093,Female,Female,Humanities,8.8
S01717,P100,Female,Male,Humanities,7.8
S02027,P118,Male,Female,Translation,7.7
S02155,P125,Female,Male,Translation,7.8
S00892,P054,Male,Male,Engineering,8.2
S00973,P058,Female,Female,Law,9.1
S00333,P019,Female,Male,Economics,7.4
S00890,P054,Female,Male,Engineering,6.7
S00945,P056,Male,Male,Engineering,4.5
S00087,P005,Female,Female,Economics,6.0
S01640,P093,Female,Female,Humanities,8.1
S00262,P016,Female,Male,Economics,6.8
S01024,P061,Female,Female,Law,8.7
S02130,P123,Female,Male,Translation,6.7
S01690,P097,Male,Male,Humanities,7.2
S00935,P056,Male,Male,Engineering,7.7
S02197,P126,Female,Male,Translation,8.7
S02077,P120,Male,Female,Translation,8.5
S01833,P108,Female,Female,Translation,5.7
S02158,P125,Female,Male,Translation,7.8
S00835,P051,Male,Male,Engineering,6.5
S02075,P120,Male,Female,Translation,8.7
S01310,P075,Female,Male,Law,8.3
S01890,P111,Male,Female,Translation,6.4
S00429,P026,Female,Male,Economics,5.6
S01090,P063,Male,Female,Law,7.6
S01440,P081,Female,Female,Humanities,9.0
S00777,P047,Female,Male,Engineering,8.3
S02179,P125,Male,Male,Translation,9.9
S01226,P070,Male,Male,Law,7.0
S01612,P091,Male,Female,Humanities,7.8
S00813,P050,Female,Male,Engineering,8.6
S00570,P035,Female,Female,Engineering,7.6
S02116,P122,Female,Male,Translation,7.2
S00956,P057,Male,Female,Law,7.3
S00168,P009,Female,Female,Economics,8.9
S01595,P090,Male,Female,Humanities,5.8
S00884,P054,Female,Male,Engineering,7.7
S00290,P017,Female,Male,Economics,6.2
S00614,P038,Female,Male,Engineering,7.4
S00308,P017,Male,Male,Economics,8.8
S01304,P074,Male,Male,Law,7.3
S00920,P055,Female,Male,Engineering,8.1
S01630,P092,Male,Female,Humanities,8.8
S01841,P109,Female,Female,Translation,9.8
S01085,P063,Male,Female,Law,8.0
S00716,P043,Male,Male,Engineering,6.4
S00145,P008,Female,Female,Economics,9.6
S01322,P075,Female,Male,Law,8.8
S01810,P106,Female,Female,Translation,7.8
S01888,P111,Female,Female,Translation,6.9
S01250,P072,Female,Male,Law,9.3
S00338,P019,Male,Male,Economics,7.6
S01854,P109,Male,Female,Translation,9.1
S01031,P061,Male,Female,Law,8.3
S00504,P030,Male,Male,Economics,8.2
S01129,P065,Female,Female,Law,7.8
S00371,P021,Female,Male,Economics,9.8
S01173,P067,Female,Male,Law,7.6
S01109,P064,Female,Female,Law,10.0
S01047,P061,Male,Female,Law,9.1
S02152,P124,Male,Male,Translation,7.0
S00640,P039,Male,Male,Engineering,6.5
S01982,P116,Male,Female,Translation,7.9
S01015,P060,Female,Female,Law,10.0
S00555,P033,Male,Female,Engineering,8.2
S01692,P097,Male,Male,Humanities,7.5
S01894,P111,Male,Female,Translation,6.1
S02132,P123,Male,Male,Translation,8.3
S00057,P003,Female,Female,Economics,4.8
S00584,P036,Male,Male,Engineering,10.0
S00670,P041,Female,Male,Engineering,8.6
S02093,P121,Female,Male,Translation,7.5
S02028,P118,Male,Female,Translation,6.7
S00871,P053,Male,Male,Engineering,6.6
S00671,P041,Female,Male,Engineering,6.5
S00998,P059,Male,Female,Law,7.3
S01773,P103,Female,Male,Humanities,8.1
S01679,P096,Male,Female,Humanities,8.3
S01162,P066,Male,Female,Law,8.8
S02224,P128,Female,Male,Translation,7.2
S00902,P055,Female,Male,Engineering,7.6
S01893,P111,Male,Female,Translation,6.1
S02000,P117,Male,Female,Translation,10.0
S00012,P001,Male,Female,Economics,5.8
S01043,P061,Male,Female,Law,8.3
S01950,P114,Female,Female,Translation,7.8
S02022,P118,Male,Female,Translation,10.0
S00075,P005,Female,Female,Economics,8.3
S00120,P006,Female,Female,Economics,9.3
S00283,P017,Female,Male,Economics,8.6
S02119,P122,Male,Male,Translation,5.9
S00906,P055,Female,Male,Engineering,6.7
S01971,P116,Female,Female,Translation,7.9
S02202,P126,Male,Male,Translation,7.7
S01134,P065,Female,Female,Law,7.5
S01691,P097,Male,Male,Humanities,6.8
S00599,P038,Female,Male,Engineering,8.3
S00763,P046,Male,Male,Engineering,8.3
S01903,P112,Female,Female,Translation,5.5
S01484,P084,Male,Female,Humanities,8.1
S00382,P021,Male,Male,Economics,8.2
S01992,P117,Female,Female,Translation,8.0
S01479,P084,Female,Female,Humanities,7.9
S00122,P006,Female,Female,Economics,7.7
S00837,P051,Male,Male,Engineering,8.2
S01561,P088,Male,Female,Humanities,6.3
S01934,P113,Male,Female,Translation,4.7
S00377,P021,Female,Male,Economics,10.0
S00679,P041,Male,Male,Engineering,8.2
S01724,P100,Male,Male,Humanities,6.8
S01634,P093,Female,Female,Humanities,7.8
S01409,P079,Male,Male,Law,8.1
S00071,P004,Male,Female,Economics,5.3
S01442,P081,Female,Female,Humanities,8.9
S00069,P004,Male,Female,Economics,8.4
S01218,P070,Female,Male,Law,9.3
S00857,P053,Female,Male,Engineering,8.6
S00359,P021,Female,Male,Economics,10.0
S01542,P088,Female,Female,Humanities,6.0
S00686,P041,Male,Male,Engineering,9.8
S01505,P085,Male,Female,Humanities,10.0
S00707,P042,Male,Male,Engineering,7.2
S01990,P117,Female,Female,Translation,9.9
S01116,P064,Male,Female,Law,10.0
S01054,P062,Female,Female,Law,7.2
S00950,P057,Female,Female,Law,6.1
S00885,P054,Female,Male,Engineering,7.8
S01354,P077,Female,Male,Law,6.3
S01921,P112,Male,Female,Translation,6.4
S01636,P093,Female,Female,Humanities,8.4
S01664,P095,Female,Female,Humanities,9.6
S01965,P115,Male,Female,Translation,7.1
S01306,P075,Female,Male,Law,7.9
S01044,P061,Male,Female,Law,9.8
S00077,P005,Female,Female,Economics,7.7
S00721,P044,Female,Male,Engineering,4.7
S00864,P053,Male,Male,Engineering,8.9
S01124,P065,Female,Female,Law,8.0
S01386,P078,Female,Male,Law,5.9
S00016,P001,Male,Female,Economics,6.7
S00216,P013,Female,Male,Economics,8.4
S01686,P097,Female,Male,Humanities,7.7
S01379,P078,Female,Male,Law,5.7
S00464,P028,Female,Male,Economics,7.1
S02038,P119,Female,Female,Translation,5.2
S00273,P016,Female,Male,Economics,7.5
S01082,P063,Male,Female,Law,9.0
S00815,P050,Female,Male,Engineering,9.6
S00840,P052,Female,Male,Engineering,6.7
S01931,P113,Female,Female,Translation,6.0
S01309,P075,Female,Male,Law,8.7
S00107,P006,Female,Female,Economics,8.5
S02247,P128,Male,Male,Translation,7.8
S01929,P113,Female,Female,Translation,5.7
S00784,P047,Male,Male,Engineering,8.0
S02064,P120,Female,Female,Translation,9.8
S00898,P055,Female,Male,Engineering,7.3
S00400,P023,Female,Male,Economics,9.8
S01700,P098,Female,Male,Humanities,8.4
S00423,P025,Female,Male,Economics,5.7
S01234,P070,Male,Male,Law,6.4
S01874,P110,Female,Female,Translation,8.0
S01220,P070,Female,Male,Law,6.7
S00613,P038,Female,Male,Engineering,7.9
S01027,P061,Female,Female,Law,8.6
S01119,P064,Male,Female,Law,8.7
S00710,P043,Female,Male,Engineering,8.9
S01844,P109,Female,Female,Translation,7.7
S01897,P111,Male,Female,Translation,7.0
S00957,P057,Male,Female,Law,8.5
S00633,P039,Female,Male,Engineering,8.0
S01344,P076,Male,Male,Law,8.0
S01403,P079,Female,Male,Law,4.9
S00300,P017,Male,Male,Economics,7.0
S00870,P053,Male,Male,Engineering,8.6
S01321,P075,Female,Male,Law,7.9
S01458,P082,Female,Female,Humanities,9.7
S01964,P115,Male,Female,Translation,6.8
S00757,P045,Male,Male,Engineering,6.9
S02074,P120,Male,Female,Translation,8.8
S00362,P021,Female,Male,Economics,10.0
S02054,P120,Female,Female,Translation,9.3
S00799,P048,Male,Male,Engineering,8.6
S01467,P082,Male,Female,Humanities,7.9
S01452,P082,Female,Female,Humanities,6.7
S01567,P089,Male,Female,Humanities,8.3
S00802,P048,Male,Male,Engineering,8.5
S01474,P083,Male,Female,Humanities,7.6
S01053,P062,Female,Female,Law,7.7
S01028,P061,Female,Female,Law,8.1
S01390,P078,Male,Male,Law,5.9
S01064,P062,Male,Female,Law,7.4
S00581,P036,Female,Male,Engineering,10.0
S00190,P011,Female,Female,Economics,7.2
S01516,P086,Male,Female,Humanities,8.2
S01749,P101,Male,Male,Humanities,7.2
S00873,P053,Male,Male,Engineering,6.5
S01624,P092,Female,Female,Humanities,9.4
S02049,P119,Male,Female,Translation,6.0
S00002,P001,Female,Female,Economics,4.7
S00263,P016,Female,Male,Economics,6.4
S01556,P088,Male,Female,Humanities,5.4
S01586,P090,Male,Female,Humanities,6.4
S00776,P047,Female,Male,Engineering,9.9
S01798,P105,Female,Male,Humanities,6.2
S00925,P056,Female,Male,Engineering,6.7
S01887,P111,Female,Female,Translation,6.2
S02214,P127,Female,Male,Translation,8.4
S01394,P079,Female,Male,Law,5.7
S00102,P006,Female,Female,Economics,8.5
S01566,P089,Female,Female,Humanities,7.2
S01006,P060,Female,Female,Law,8.5
S00667,P040,Male,Male,Engineering,8.2
S01259,P072,Female,Male,Law,7.5
S02229,P128,Female,Male,Translation,8.1
S02086,P121,Female,Male,Translation,8.9
S00450,P027,Female,Male,Economics,6.2
S00082,P005,Female,Female,Economics,10.0
S00199,P011,Male,Female,Economics,6.8
S00712,P043,Male,Male,Engineering,6.4
S01684,P097,Female,Male,Humanities,5.7
S01589,P090,Male,Female,Humanities,6.3
S01066,P063,Female,Female,Law,8.9
S02004,P117,Male,Female,Translation,10.0
S00248,P015,Female,Male,Economics,6.1
S01961,P115,Male,Female,Translation,8.2
S00163,P009,Female,Female,Economics,8.4
S01591,P090,Male,Female,Humanities,6.0
S01183,P068,Female,Male,Law,9.6
S01683,P097,Female,Male,Humanities,7.5
S00621,P038,Male,Male,Engineering,8.3
S02034,P119,Female,Female,Translation,6.4
S00722,P044,Female,Male,Engineering,8.2
S01180,P067,Male,Male,Law,7.5
S01406,P079,Male,Male,Law,6.1
S01038,P061,Male,Female,Law,8.9
S00042,P002,Male,Female,Economics,5.6
S00397,P023,Female,Male,Economics,9.4
S00440,P027,Female,Male,Economics,7.3
S01383,P078,Female,Male,Law,6.2
S01543,P088,Female,Female,Humanities,8.3
S02015,P118,Female,Female,Translation,9.6
S01649,P094,Female,Female,Humanities,9.2
S00717,P043,Male,Male,Engineering,8.9
S01593,P090,Male,Female,Humanities,5.4
S00789,P048,Female,Male,Engineering,8.0
S00596,P037,Male,Male,Engineering,9.0
S00980,P058,Male,Female,Law,8.2
S02188,P126,Female,Male,Translation,7.9
S00903,P055,Female,Male,Engineering,8.0
S00387,P022,Female,Male,Economics,7.9
S01642,P093,Female,Female,Humanities,6.9
S00020,P002,Female,Female,Economics,4.3
S00624,P038,Male,Male,Engineering,8.2
S02122,P123,Female,Male,Translation,4.7
S00879,P054,Female,Male,Engineering,7.3
S02123,P123,Female,Male,Translation,6.9
S01704,P098,Male,Male,Humanities,7.7
S02048,P119,Male,Female,Translation,5.8
S02014,P118,Female,Female,Translation,6.7
S01331,P076,Female,Male,Law,7.6
S01889,P111,Male,Female,Translation,7.8
S01820,P107,Female,Female,Translation,5.2
S00017,P001,Male,Female,Economics,8.0
S00561,P034,Female,Female,Engineering,6.1
S00833,P051,Male,Male,Engineering,6.2
S01391,P078,Male,Male,Law,6.8
S01632,P092,Male,Female,Humanities,8.7
S02223,P128,Female,Male,Translation,6.9
S00158,P009,Female,Female,Economics,8.7
S00277,P016,Male,Male,Economics,5.0
S00093,P005,Male,Female,Economics,9.6
S01042,P061,Male,Female,Law,6.6
S00115,P006,Female,Female,Economics,7.5
S00965,P058,Female,Female,Law,9.2
S00384,P021,Male,Male,Economics,10.0
S00420,P025,Female,Male,Economics,5.9
S01815,P106,Male,Female,Translation,7.9
S00389,P022,Female,Male,Economics,7.7
S02135,P124,Female,Male,Translation,7.7
S01568,P089,Male,Female,Humanities,8.2
S00306,P017,Male,Male,Economics,8.4
S00291,P017,Female,Male,Economics,8.1
S01238,P071,Female,Male,Law,8.8
S00370,P021,Female,Male,Economics,10.0
S00562,P034,Female,Female,Engineering,6.6
S01172,P066,Male,Female,Law,8.3
S01905,P112,Female,Female,Translation,5.4
S00617,P038,Male,Male,Engineering,8.3
S01594,P090,Male,Female,Humanities,6.1
S01377,P078,Female,Male,Law,5.2
S00258,P015,Male,Male,Economics,7.6
S01143,P065,Female,Female,Law,7.9
S01254,P072,Female,Male,Law,7.2
S00755,P045,Male,Male,Engineering,8.0
S00217,P013,Female,Male,Economics,8.5
S00035,P002,Male,Female,Economics,6.2
S00274,P016,Female,Male,Economics,8.2
S01514,P086,Male,Female,Humanities,7.9
S02078,P120,Male,Female,Translation,8.8
S01756,P102,Female,Male,Humanities,9.0
S02070,P120,Male,Female,Translation,6.6
S02213,P127,Female,Male,Translation,5.8
S01057,P062,Male,Female,Law,8.3
S01475,P083,Male,Female,Humanities,7.1
S01743,P101,Female,Male,Humanities,7.5
S01861,P110,Female,Female,Translation,8.8
S02120,P123,Female,Male,Translation,7.0
S00342,P019,Male,Male,Economics,6.3
S01553,P088,Male,Female,Humanities,6.5
S02137,P124,Female,Male,Translation,7.7
S00735,P044,Female,Male,Engineering,8.2
S01986,P117,Female,Female,Translation,9.5
S01343,P076,Male,Male,Law,6.4
S00939,P056,Male,Male,Engineering,7.9
S00706,P042,Female,Male,Engineering,8.8
S01941,P113,Male,Female,Translation,5.2
S02104,P121,Male,Male,Translation,6.1
S01104,P064,Female,Female,Law,8.5
S02083,P121,Female,Male,Translation,6.0
S01453,P082,Female,Female,Humanities,6.0
S00918,P055,Female,Male,Engineering,9.1
S00641,P039,Male,Male,Engineering,7.8
S01198,P069,Female,Male,Law,6.4
S01899,P111,Male,Female,Translation,6.8
S01628,P092,Male,Female,Humanities,7.7
S01299,P074,Male,Male,Law,8.3
S00830,P051,Female,Male,Engineering,6.6
S02009,P118,Female,Female,Translation,8.7
S00442,P027,Female,Male,Economics,5.9
S00211,P012,Male,Male,Economics,8.7
S00708,P042,Male,Male,Engineering,7.1
S01574,P090,Female,Female,Humanities,7.2
S00232,P014,Female,Male,Economics,9.0
S01158,P066,Female,Female,Law,9.5
S00005,P001,Female,Female,Economics,7.0
S00352,P020,Male,Male,Economics,7.2
S00602,P038,Female,Male,Engineering,6.7
S00955,P057,Male,Female,Law,9.5
S00275,P016,Female,Male,Economics,6.2
S01464,P082,Male,Female,Humanities,6.6
S00934,P056,Female,Male,Engineering,7.1
S01547,P088,Female,Female,Humanities,7.7
S00681,P041,Male,Male,Engineering,7.7
S00367,P021,Female,Male,Economics,10.0
S00761,P046,Female,Male,Engineering,5.4
S01136,P065,Female,Female,Law,8.1
S00409,P024,Female,Male,Economics,6.3
S02180,P125,Male,Male,Translation,9.8
S01558,P088,Male,Female,Humanities,8.4
S01576,P090,Female,Female,Humanities,5.6
S00891,P054,Male,Male,Engineering,9.9
S00103,P006,Female,Female,Economics,9.2
S01637,P093,Female,Female,Humanities,7.9
S00038,P002,Male,Female,Economics,6.1
S01770,P103,Female,Male,Humanities,10.0
S00603,P038,Female,Male,Engineering,7.5
S01520,P087,Female,Female,Humanities,6.2
S00056,P003,Female,Female,Economics,5.8
S01799,P105,Female,Male,Humanities,9.3
S00244,P014,Male,Male,Economics,6.0
S01337,P076,Male,Male,Law,5.9
S01519,P087,Female,Female,Humanities,8.9
S00744,P045,Female,Male,Engineering,8.2
S00054,P003,Female,Female,Economics,5.8
S02002,P117,Male,Female,Translation,7.2
S00811,P049,Male,Male,Engineering,9.1
S00943,P056,Male,Male,Engineering,6.8
S02127,P123,Female,Male,Translation,5.9
S01549,P088,Female,Female,Humanities,7.1
S01699,P098,Female,Male,Humanities,8.5
S01674,P096,Male,Female,Humanities,8.8
S02091,P121,Female,Male,Translation,5.7
S02168,P125,Male,Male,Translation,8.0
S00380,P021,Male,Male,Economics,9.9
S00954,P057,Female,Female,Law,8.3
S00127,P007,Female,Female,Economics,8.5
S01824,P107,Female,Female,Translation,10.0
S01676,P096,Male,Female,Humanities,8.1
S00942,P056,Male,Male,Engineering,7.7
S00414,P024,Female,Male,Economics,5.3
S02153,P124,Male,Male,Translation,8.6
S01237,P071,Female,Male,Law,9.1
S00366,P021,Female,Male,Economics,9.8
S01985,P117,Female,Female,Translation,8.5
S00728,P044,Female,Male,Engineering,7.1
S01523,P087,Female,Female,Humanities,5.6
S01398,P079,Female,Male,Law,7.7
S01719,P100,Female,Male,Humanities,6.5
S01486,P084,Male,Female,Humanities,9.4
S01221,P070,Female,Male,Law,7.1
S00749,P045,Female,Male,Engineering,6.8
S01073,P063,Female,Female,Law,8.9
S01410,P079,Male,Male,Law,5.3
S00309,P017,Male,Male,Economics,8.1
S00179,P010,Female,Female,Economics,8.0
S00014,P001,Male,Female,Economics,5.6
S00853,P053,Female,Male,Engineering,8.9
S00826,P050,Male,Male,Engineering,8.3
S02140,P124,Female,Male,Translation,7.5
S00176,P010,Female,Female,Economics,7.6
S01091,P063,Male,Female,Law,7.1
S00530,P032,Female,Female,Engineering,6.5
S00760,P046,Female,Male,Engineering,7.8
S00357,P021,Female,Male,Economics,8.7
S00875,P054,Female,Male,Engineering,9.4
S01918,P112,Female,Female,Translation,6.2
S00480,P029,Female,Male,Economics,5.6
S00474,P029,Female,Male,Economics,5.9
S01115,P064,Female,Female,Law,8.1
S01633,P092,Male,Female,Humanities,6.5
S00759,P046,Female,Male,Engineering,8.4
S00769,P046,Male,Male,Engineering,6.6
S01340,P076,Male,Male,Law,5.1
S01200,P069,Female,Male,Law,6.5
S01639,P093,Female,Female,Humanities,8.7
S00526,P032,Female,Female,Engineering,6.1
S00834,P051,Male,Male,Engineering,5.7
S01150,P066,Female,Female,Law,7.8
S00988,P059,Female,Female,Law,6.7
S00882,P054,Female,Male,Engineering,8.4
S00571,P035,Female,Female,Engineering,8.3
S02066,P120,Female,Female,Translation,9.0
S00893,P054,Male,Male,Engineering,6.5
S01349,P077,Female,Male,Law,6.6
S00730,P044,Female,Male,Engineering,6.3
S02169,P125,Male,Male,Translation,6.6
S00060,P003,Male,Female,Economics,6.2
S00610,P038,Female,Male,Engineering,9.0
S00732,P044,Female,Male,Engineering,6.4
S00091,P005,Male,Female,Economics,8.0
S02043,P119,Female,Female,Translation,5.5
S00379,P021,Male,Male,Economics,10.0
S00699,P042,Female,Male,Engineering,7.4
S02145,P124,Female,Male,Translation,9.6
S00851,P053,Female,Male,Engineering,8.6
S01651,P094,Female,Female,Humanities,8.6
S01643,P093,Female,Female,Humanities,6.7
S00230,P014,Female,Male,Economics,7.9
S00022,P002,Female,Female,Economics,4.9
S00401,P023,Female,Male,Economics,10.0
S02110,P122,Female,Male,Translation,7.8
S02235,P128,Female,Male,Translation,6.1
S01303,P074,Male,Male,Law,6.4
S00551,P033,Female,Female,Engineering,9.1
S01791,P104,Male,Male,Humanities,10.0
S01362,P077,Female,Male,Law,6.8
S00697,P042,Female,Male,Engineering,7.5
S02165,P125,Female,Male,Translation,10.0
S01603,P091,Female,Female,Humanities,7.8
S00913,P055,Female,Male,Engineering,10.0
S02192,P126,Female,Male,Translation,6.9
S00656,P040,Male,Male,Engineering,8.4
S01720,P100,Female,Male,Humanities,6.8
S01511,P086,Female,Female,Humanities,6.2
S01258,P072,Female,Male,Law,9.5
S00600,P038,Female,Male,Engineering,6.5
S01447,P081,Male,Female,Humanities,8.4
S01225,P070,Female,Male,Law,7.4
S00259,P015,Male,Male,Economics,5.7
S01063,P062,Male,Female,Law,7.5
S00439,P027,Female,Male,Economics,6.3
S01426,P080,Male,Female,Humanities,8.8
S00313,P018,Female,Male,Economics,7.4
S02006,P117,Male,Female,Translation,7.8
S00032,P002,Male,Female,Economics,5.4
S00992,P059,Female,Female,Law,5.5
S00642,P039,Male,Male,Engineering,7.8
S01730,P100,Male,Male,Humanities,7.3
S00646,P040,Female,Male,Engineering,7.9
S00820,P050,Male,Male,Engineering,8.8
S02205,P127,Female,Male,Translation,7.4
S01140,P065,Female,Female,Law,8.6
S01301,P074,Male,Male,Law,7.2
S00386,P022,Female,Male,Economics,7.6
S02228,P128,Female,Male,Translation,6.7
S02012,P118,Female,Female,Translation,10.0
S00153,P008,Female,Female,Economics,6.6
S00542,P033,Female,Female,Engineering,6.8
S00015,P001,Male,Female,Economics,1.7
S00106,P006,Female,Female,Economics,8.6
S01813,P106,Female,Female,Translation,7.7
S01470,P083,Female,Female,Humanities,8.7
S00135,P007,Male,Female,Economics,7.7
S02030,P118,Male,Female,Translation,8.4
S01208,P069,Female,Male,Law,7.0
S00466,P028,Female,Male,Economics,7.8
S00531,P032,Male,Female,Engineering,7.0
S01434,P081,Female,Female,Humanities,9.4
S00785,P047,Male,Male,Engineering,10.0
S01723,P100,Female,Male,Humanities,7.6
S01485,P084,Male,Female,Humanities,7.3
S00558,P034,Female,Female,Engineering,6.3
S00080,P005,Female,Female,Economics,8.3
S01260,P072,Female,Male,Law,7.2
S01156,P066,Female,Female,Law,8.2
S01422,P080,Female,Female,Humanities,8.6
S00095,P005,Male,Female,Economics,7.3
S01333,P076,Female,Male,Law,6.4
S00579,P035,Male,Female,Engineering,6.7
S00724,P044,Female,Male,Engineering,7.5
S01157,P066,Female,Female,Law,9.2
S01978,P116,Male,Female,Translation,8.0
S01963,P115,Male,Female,Translation,7.6
S02201,P126,Male,Male,Translation,7.4
S00560,P034,Female,Female,Engineering,5.8
S00447,P027,Female,Male,Economics,4.2
S02084,P121,Female,Male,Translation,7.7
S00511,P031,Female,Female,Engineering,8.4
S00184,P010,Male,Female,Economics,5.8
S01650,P094,Female,Female,Humanities,7.8
S00169,P009,Male,Female,Economics,9.0
S01801,P105,Female,Male,Humanities,7.7
S00742,P045,Female,Male,Engineering,7.1
S01376,P078,Female,Male,Law,7.6
S01098,P064,Female,Female,Law,7.8
S01055,P062,Female,Female,Law,6.5
S01507,P086,Female,Female,Humanities,10.0
S00059,P003,Male,Female,Economics,6.8
S01283,P074,Female,Male,Law,8.1
S01968,P115,Male,Female,Translation,8.7
S01074,P063,Female,Female,Law,7.7
S00188,P011,Female,Female,Economics,7.2
S01663,P095,Female,Female,Humanities,9.9
S00518,P031,Male,Female,Engineering,9.2
S02056,P120,Female,Female,Translation,8.7
S02174,P125,Male,Male,Translation,8.7
S02245,P128,Male,Male,Translation,8.3
S01353,P077,Female,Male,Law,8.5
S00249,P015,Female,Male,Economics,7.9
S01821,P107,Female,Female,Translation,8.8
S00544,P033,Female,Female,Engineering,8.7
S02055,P120,Female,Female,Translation,8.9
S00553,P033,Male,Female,Engineering,7.5
S01933,P113,Male,Female,Translation,5.9
S01797,P105,Female,Male,Humanities,7.3
S01026,P061,Female,Female,Law,10.0
S01184,P068,Female,Male,Law,10.0
S01114,P064,Female,Female,Law,9.1
S00836,P051,Male,Male,Engineering,7.2
S00415,P024,Female,Male,Economics,6.0
S01035,P061,Male,Female,Law,8.0
S00238,P014,Male,Male,Economics,7.6
S00756,P045,Male,Male,Engineering,7.7
S00683,P041,Male,Male,Engineering,7.5
S00930,P056,Female,Male,Engineering,7.1
S00877,P054,Female,Male,Engineering,9.0
S02095,P121,Female,Male,Translation,10.0
S00872,P053,Male,Male,Engineering,6.8
S01962,P115,Male,Female,Translation,6.3
S00503,P030,Male,Male,Economics,7.8
S02053,P119,Male,Female,Translation,6.5
S01287,P074,Female,Male,Law,6.3
S02111,P122,Female,Male,Translation,8.3
S00645,P039,Male,Male,Engineering,9.2
S02243,P128,Male,Male,Translation,7.2
S00214,P012,Male,Male,Economics,6.9
S01385,P078,Female,Male,Law,6.0
S00917,P055,Female,Male,Engineering,7.9
S01784,P104,Female,Male,Humanities,9.3
S01092,P063,Male,Female,Law,8.1
S02013,P118,Female,Female,Translation,9.0
S01159,P066,Female,Female,Law,8.5
S00246,P014,Male,Male,Economics,8.3
S01494,P085,Female,Female,Humanities,9.7
S01843,P109,Female,Female,Translation,5.7
S00137,P007,Male,Female,Economics,8.0
S01883,P111,Female,Female,Translation,7.0
S01562,P088,Male,Female,Humanities,6.3
S01739,P100,Male,Male,Humanities,6.0
S00545,P033,Female,Female,Engineering,8.0
S00808,P049,Male,Male,Engineering,9.8
S00534,P032,Male,Female,Engineering,7.4
S00193,P011,Female,Female,Economics,5.9
S01399,P079,Female,Male,Law,7.1
S00499,P030,Female,Male,Economics,9.0
S00416,P024,Female,Male,Economics,5.5
S00456,P027,Female,Male,Economics,6.7
S01190,P069,Female,Male,Law,8.2
S01627,P092,Male,Female,Humanities,9.9
S00112,P006,Female,Female,Economics,7.1
S01243,P071,Female,Male,Law,8.3
S00146,P008,Female,Female,Economics,8.5
S00654,P040,Male,Male,Engineering,9.8
S01734,P100,Male,Male,Humanities,6.9
S01460,P082,Female,Female,Humanities,7.1
S00539,P032,Male,Female,Engineering,9.2
S00399,P023,Female,Male,Economics,10.0
S01178,P067,Male,Male,Law,5.7
S00223,P013,Female,Male,Economics,7.6
S01881,P111,Female,Female,Translation,8.2
S00360,P021,Female,Male,Economics,9.7
S00546,P033,Female,Female,Engineering,7.4
S01863,P110,Female,Female,Translation,8.6
S01123,P065,Female,Female,Law,8.7
S01716,P100,Female,Male,Humanities,6.4
S01768,P103,Female,Male,Humanities,9.2
S01980,P116,Male,Female,Translation,10.0
S01387,P078,Male,Male,Law,5.2
S01577,P090,Female,Female,Humanities,7.2
S00495,P030,Female,Male,Economics,7.7
S01100,P064,Female,Female,Law,8.3
S01107,P064,Female,Female,Law,8.2
S01569,P089,Male,Female,Humanities,7.1
S01487,P085,Female,Female,Humanities,8.8
S00284,P017,Female,Male,Economics,8.0
S00650,P040,Female,Male,Engineering,9.0
S00006,P001,Female,Female,Economics,6.7
S00254,P015,Male,Male,Economics,5.6
S00910,P055,Female,Male,Engineering,9.2
S00829,P051,Female,Male,Engineering,7.3
S01689,P097,Male,Male,Humanities,7.1
S01775,P103,Female,Male,Humanities,8.3
S00079,P005,Female,Female,Economics,7.6
S00669,P041,Female,Male,Engineering,7.0
S00118,P006,Female,Female,Economics,9.9
S00160,P009,Female,Female,Economics,9.0
S02134,P123,Male,Male,Translation,7.1
S00505,P030,Male,Male,Economics,8.2
S01622,P092,Female,Female,Humanities,10.0
S00173,P009,Male,Female,Economics,7.2
S00966,P058,Female,Female,Law,8.2
S01272,P073,Female,Male,Law,8.2
S00039,P002,Male,Female,Economics,4.6
S01857,P110,Female,Female,Translation,7.5
S01605,P091,Female,Female,Humanities,6.7
S01830,P107,Male,Female,Translation,9.0
S01185,P068,Female,Male,Law,7.7
S02170,P125,Male,Male,Translation,6.7
S00458,P027,Male,Male,Economics,6.1
S02244,P128,Male,Male,Translation,7.0
S00914,P055,Female,Male,Engineering,9.6
S00119,P006,Female,Female,Economics,7.1
S02079,P120,Male,Female,Translation,8.3
S00787,P048,Female,Male,Engineering,8.2
S01365,P077,Female,Male,Law,6.7
S01587,P090,Male,Female,Humanities,6.5
S00589,P036,Male,Male,Engineering,10.0
S01152,P066,Female,Female,Law,7.9
S01147,P065,Male,Female,Law,7.0
S01382,P078,Female,Male,Law,6.0
S00657,P040,Male,Male,Engineering,8.4
S01989,P117,Female,Female,Translation,9.6
S02204,P127,Female,Male,Translation,7.4
S01667,P095,Male,Female,Humanities,9.6
S00663,P040,Male,Male,Engineering,8.0
S00591,P037,Female,Male,Engineering,8.1
S00325,P018,Male,Male,Economics,8.2
S00019,P002,Female,Female,Economics,7.9
S01759,P102,Male,Male,Humanities,8.8
S00072,P004,Male,Female,Economics,8.3
S00845,P052,Female,Male,Engineering,9.1
S02100,P121,Female,Male,Translation,8.6
S00327,P018,Male,Male,Economics,7.2
S00121,P006,Female,Female,Economics,9.2
S00183,P010,Male,Female,Economics,7.8
S01657,P094,Male,Female,Humanities,8.8
S00689,P041,Male,Male,Engineering,6.4
S00824,P050,Male,Male,Engineering,8.3
S00143,P008,Female,Female,Economics,8.6
S01086,P063,Male,Female,Law,8.0
S00099,P005,Male,Female,Economics,7.8
S01976,P116,Female,Female,Translation,8.6
S01149,P066,Female,Female,Law,9.2
S01816,P106,Male,Female,Translation,7.9
S00446,P027,Female,Male,Economics,7.1
S01079,P063,Male,Female,Law,7.7
S01248,P072,Female,Male,Law,8.3
S00383,P021,Male,Male,Economics,9.3
S00208,P012,Female,Male,Economics,7.9
S00997,P059,Male,Female,Law,6.6
S01871,P110,Female,Female,Translation,8.2
S02098,P121,Female,Male,Translation,5.6
S00185,P010,Male,Female,Economics,7.5
S01807,P105,Male,Male,Humanities,8.0
S00886,P054,Female,Male,Engineering,7.9
S01077,P063,Male,Female,Law,7.5
S02021,P118,Male,Female,Translation,8.4
S01289,P074,Female,Male,Law,7.3
S01869,P110,Female,Female,Translation,8.5
S01515,P086,Male,Female,Humanities,10.0
S01766,P103,Female,Male,Humanities,9.5
S01075,P063,Female,Female,Law,6.2
S01014,P060,Female,Female,Law,9.6
S01179,P067,Male,Male,Law,7.5
S00297,P017,Male,Male,Economics,7.0
S01496,P085,Male,Female,Humanities,9.3
S00116,P006,Female,Female,Economics,9.0
S01195,P069,Female,Male,Law,6.0
S01809,P106,Female,Female,Translation,7.1
S00151,P008,Female,Female,Economics,6.7
S01336,P076,Male,Male,Law,7.2
S00524,P032,Female,Female,Engineering,5.8
S01120,P064,Male,Female,Law,9.9
S01831,P108,Female,Female,Translation,6.6
S00182,P010,Male,Female,Economics,7.1
S00977,P058,Female,Female,Law,8.9
S01509,P086,Female,Female,Humanities,10.0
S00994,P059,Male,Female,Law,8.6
S01598,P090,Male,Female,Humanities,6.4
S01489,P085,Female,Female,Humanities,9.2
S00780,P047,Female,Male,Engineering,7.9
S01402,P079,Female,Male,Law,6.9
S00041,P002,Male,Female,Economics,4.9
S00549,P033,Female,Female,Engineering,8.1
S00268,P016,Female,Male,Economics,7.2
S01088,P063,Male,Female,Law,8.0
S01909,P112,Female,Female,Translation,6.1
S01068,P063,Female,Female,Law,9.8
S00396,P023,Female,Male,Economics,9.2
S00847,P052,Male,Male,Engineering,8.1
S01714,P099,Male,Male,Humanities,5.7
S01811,P106,Female,Female,Translation,6.2
S00593,P037,Female,Male,Engineering,10.0
S00575,P035,Female,Female,Engineering,8.1
S00726,P044,Female,Male,Engineering,7.4
S00597,P037,Male,Male,Engineering,8.9
S00676,P041,Male,Male,Engineering,9.8
S00003,P001,Female,Female,Economics,7.1
S00008,P001,Female,Female,Economics,4.6
S02187,P126,Female,Male,Translation,7.2
S00528,P032,Female,Female,Engineering,5.9
S01708,P099,Female,Male,Humanities,7.0
S00867,P053,Male,Male,Engineering,7.3
S01846,P109,Female,Female,Translation,8.1
S02167,P125,Male,Male,Translation,9.8
S01393,P079,Female,Male,Law,7.6
S00114,P006,Female,Female,Economics,7.9
S01925,P113,Female,Female,Translation,6.4
S01814,P106,Male,Female,Translation,8.5
S01678,P096,Male,Female,Humanities,8.7
S00951,P057,Female,Female,Law,8.5
S02208,P127,Female,Male,Translation,8.6
S00498,P030,Female,Male,Economics,9.5
S00124,P006,Female,Female,Economics,7.1
S01504,P085,Male,Female,Humanities,9.8
S01868,P110,Female,Female,Translation,6.7
S01338,P076,Male,Male,Law,10.0
S01703,P098,Male,Male,Humanities,6.6
S00100,P006,Female,Female,Economics,9.4
S00905,P055,Female,Male,Engineering,6.7
S00324,P018,Male,Male,Economics,7.3
S01456,P082,Female,Female,Humanities,8.7
S01239,P071,Female,Male,Law,7.7
S00226,P014,Female,Male,Economics,7.4
S01559,P088,Male,Female,Humanities,7.4
S00727,P044,Female,Male,Engineering,6.3
S01946,P114,Female,Female,Translation,8.0
S01545,P088,Female,Female,Humanities,7.4
S01781,P104,Female,Male,Humanities,8.8
S01677,P096,Male,Female,Humanities,8.5
S01265,P072,Female,Male,Law,8.1
S01213,P070,Female,Male,Law,5.8
S00736,P044,Male,Male,Engineering,5.9
S00428,P026,Female,Male,Economics,5.6
S00866,P053,Male,Male,Engineering,7.8
S02173,P125,Male,Male,Translation,7.5
S02217,P127,Female,Male,Translation,7.0
S01954,P114,Male,Female,Translation,7.6
S00430,P026,Female,Male,Economics,5.5
S01355,P077,Female,Male,Law,5.9
S00149,P008,Female,Female,Economics,6.8
S00323,P018,Male,Male,Economics,7.5
S01533,P087,Male,Female,Humanities,8.5
S00559,P034,Female,Female,Engineering,6.0
S01292,P074,Male,Male,Law,5.6
S00303,P017,Male,Male,Economics,7.1
S00142,P008,Female,Female,Economics,10.0
S01698,P098,Female,Male,Humanities,8.2
S02133,P123,Male,Male,Translation,6.7
S00962,P057,Male,Female,Law,6.9
S01524,P087,Female,Female,Humanities,8.2
S01521,P087,Female,Female,Humanities,8.2
S00013,P001,Male,Female,Economics,4.9
S01374,P078,Female,Male,Law,5.9
S00652,P040,Female,Male,Engineering,9.5
S00842,P052,Female,Male,Engineering,8.5
S01206,P069,Female,Male,Law,6.7
S00134,P007,Male,Female,Economics,8.4
S00203,P011,Male,Female,Economics,7.3
S00668,P041,Female,Male,Engineering,6.6
S00096,P005,Male,Female,Economics,8.8
S00698,P042,Female,Male,Engineering,6.6
S01552,P088,Male,Female,Humanities,7.8
S01882,P111,Female,Female,Translation,7.7
S01482,P084,Male,Female,Humanities,7.1
S00896,P054,Male,Male,Engineering,7.5
S00700,P042,Female,Male,Engineering,7.3
S00267,P016,Female,Male,Economics,5.8
S00895,P054,Male,Male,Engineering,7.8
S01423,P080,Female,Female,Humanities,9.7
S01948,P114,Female,Female,Translation,8.2
S01286,P074,Female,Male,Law,7.5
S00194,P011,Female,Female,Economics,6.7
S01998,P117,Male,Female,Translation,9.4
S01783,P104,Female,Male,Humanities,10.0
S00703,P042,Female,Male,Engineering,7.1
S01348,P077,Female,Male,Law,6.8
S01892,P111,Male,Female,Translation,7.3
S00548,P033,Female,Female,Engineering,6.3
S01380,P078,Female,Male,Law,6.4
S02114,P122,Female,Male,Translation,6.6
S00473,P029,Female,Male,Economics,6.2
S00250,P015,Female,Male,Economics,7.8
S00236,P014,Male,Male,Economics,7.4
S02172,P125,Male,Male,Translation,6.6
S00714,P043,Male,Male,Engineering,8.3
S00030,P002,Female,Female,Economics,7.1
S02080,P121,Female,Male,Translation,8.2
S01761,P102,Male,Male,Humanities,9.7
S01681,P097,Female,Male,Humanities,8.9
S01711,P099,Male,Male,Humanities,6.6
S01585,P090,Male,Female,Humanities,6.1
S00928,P056,Female,Male,Engineering,7.6
S01263,P072,Female,Male,Law,7.9
S00159,P009,Female,Female,Economics,9.4
S01555,P088,Male,Female,Humanities,8.4
S00611,P038,Female,Male,Engineering,8.7
S00047,P003,Female,Female,Economics,7.2
S01341,P076,Male,Male,Law,6.2
S00695,P042,Female,Male,Engineering,9.4
S00916,P055,Female,Male,Engineering,7.4
S01142,P065,Female,Female,Law,8.7
S01446,P081,Male,Female,Humanities,8.8
S00486,P029,Male,Male,Economics,4.6
S00565,P034,Female,Female,Engineering,6.2
S01291,P074,Male,Male,Law,8.2
S02166,P125,Male,Male,Translation,5.1
S01072,P063,Female,Female,Law,7.9
S00953,P057,Female,Female,Law,6.8
S00406,P023,Male,Male,Economics,9.9
S00941,P056,Male,Male,Engineering,6.3
S01935,P113,Male,Female,Translation,5.3
S01904,P112,Female,Female,Translation,5.7
S01412,P079,Male,Male,Law,6.7
S02242,P128,Female,Male,Translation,8.3
S01401,P079,Female,Male,Law,5.7
S02210,P127,Female,Male,Translation,7.7
S01230,P070,Male,Male,Law,6.8
S00868,P053,Male,Male,Engineering,7.1
S00798,P048,Male,Male,Engineering,6.6
S01443,P081,Male,Female,Humanities,8.2
S00810,P049,Male,Male,Engineering,8.9
S00358,P021,Female,Male,Economics,8.4
S01253,P072,Female,Male,Law,8.2
S01141,P065,Female,Female,Law,8.8
S01461,P082,Female,Female,Humanities,7.5
S01786,P104,Male,Male,Humanities,10.0
S01290,P074,Female,Male,Law,7.6
S01727,P100,Male,Male,Humanities,6.2
S00170,P009,Male,Female,Economics,8.4
S01176,P067,Female,Male,Law,8.7
S02185,P126,Female,Male,Translation,6.3
S02067,P120,Female,Female,Translation,7.9
S00662,P040,Male,Male,Engineering,7.2
S00314,P018,Female,Male,Economics,8.0
S02182,P126,Female,Male,Translation,8.2
S01295,P074,Male,Male,Law,8.1
S00782,P047,Female,Male,Engineering,7.9
S00457,P027,Female,Male,Economics,7.9
S01065,P063,Female,Female,Law,8.2
S01537,P088,Female,Female,Humanities,7.8
S01687,P097,Female,Male,Humanities,6.8
S00711,P043,Female,Male,Engineering,8.7
S00418,P025,Female,Male,Economics,6.7
S01454,P082,Female,Female,Humanities,8.9
S00212,P012,Male,Male,Economics,6.3
S01544,P088,Female,Female,Humanities,6.2
S00601,P038,Female,Male,Engineering,9.3
S00900,P055,Female,Male,Engineering,8.2
S01375,P078,Female,Male,Law,6.1
S02148,P124,Male,Male,Translation,8.1
S01498,P085,Male,Female,Humanities,9.7
S01314,P075,Female,Male,Law,8.1
S01850,P109,Male,Female,Translation,6.9
S00441,P027,Female,Male,Economics,6.1
S01500,P085,Male,Female,Humanities,9.6
S00894,P054,Male,Male,Engineering,7.7
S00952,P057,Female,Female,Law,8.9
S00276,P016,Female,Male,Economics,7.1
S02184,P126,Female,Male,Translation,8.9
S00729,P044,Female,Male,Engineering,6.6
S02042,P119,Female,Female,Translation,4.4
S01174,P067,Female,Male,Law,7.0
S00477,P029,Female,Male,Economics,7.2
S00375,P021,Female,Male,Economics,9.3
S01832,P108,Female,Female,Translation,6.2
S00743,P045,Female,Male,Engineering,8.2
S00140,P007,Male,Female,Economics,8.5
S00843,P052,Female,Male,Engineering,10.0
S01468,P083,Female,Female,Humanities,7.7
S00154,P008,Female,Female,Economics,7.9
S00672,P041,Female,Male,Engineering,6.7
S01251,P072,Female,Male,Law,9.5
S00839,P052,Female,Male,Engineering,8.6
S00328,P018,Male,Male,Economics,7.8
S02191,P126,Female,Male,Translation,7.6
S01212,P070,Female,Male,Law,6.8
S00097,P005,Male,Female,Economics,9.2
S00889,P054,Female,Male,Engineering,6.8
S00971,P058,Female,Female,Law,7.1
S02230,P128,Female,Male,Translation,6.7
S01975,P116,Female,Female,Translation,7.6
S02129,P123,Female,Male,Translation,7.7
S01435,P081,Female,Female,Humanities,8.3
S02108,P122,Female,Male,Translation,8.2
S01187,P068,Female,Male,Law,9.0
S02035,P119,Female,Female,Translation,5.6
S01051,P062,Female,Female,Law,7.8
S01021,P060,Male,Female,Law,9.2
S00410,P024,Female,Male,Economics,4.6
S01592,P090,Male,Female,Humanities,5.5
S01194,P069,Female,Male,Law,6.8
S00897,P054,Male,Male,Engineering,7.0
S00949,P056,Male,Male,Engineering,5.8
S00874,P053,Male,Male,Engineering,8.3
S00104,P006,Female,Female,Economics,9.1
S00354,P020,Male,Male,Economics,6.3
S00213,P012,Male,Male,Economics,5.9
S01849,P109,Male,Female,Translation,6.5
S00858,P053,Female,Male,Engineering,10.0
S02031,P118,Male,Female,Translation,8.2
S01370,P077,Male,Male,Law,6.1
S01342,P076,Male,Male,Law,7.3
S01979,P116,Male,Female,Translation,8.5
S01876,P110,Female,Female,Translation,9.1
S01955,P114,Male,Female,Translation,8.7
S00086,P005,Female,Female,Economics,8.2
S02039,P119,Female,Female,Translation,5.0
S00123,P006,Female,Female,Economics,10.0
S01169,P066,Male,Female,Law,8.7
S00033,P002,Male,Female,Economics,5.7
S00538,P032,Male,Female,Engineering,8.3
S00438,P027,Female,Male,Economics,7.7
S00007,P001,Female,Female,Economics,4.9
S02017,P118,Female,Female,Translation,6.7
S00334,P019,Female,Male,Economics,6.1
S01080,P063,Male,Female,Law,7.0
S00152,P008,Female,Female,Economics,7.7
S01550,P088,Female,Female,Humanities,6.7
S01358,P077,Female,Male,Law,7.6
S01618,P092,Female,Female,Humanities,8.6
S01872,P110,Female,Female,Translation,9.1
S01155,P066,Female,Female,Law,9.1
S01451,P081,Male,Female,Humanities,8.1
S02007,P118,Female,Female,Translation,10.0
S01891,P111,Male,Female,Translation,7.9
S00337,P019,Male,Male,Economics,8.9
S01378,P078,Female,Male,Law,6.3
S02115,P122,Female,Male,Translation,6.7
S00347,P020,Female,Male,Economics,6.3
S02109,P122,Female,Male,Translation,5.5
S01560,P088,Male,Female,Humanities,7.3
S01732,P100,Male,Male,Humanities,5.6
S00449,P027,Female,Male,Economics,6.7
S00937,P056,Male,Male,Engineering,6.9
S00639,P039,Female,Male,Engineering,7.9
S01588,P090,Male,Female,Humanities,6.8
S00972,P058,Female,Female,Law,8.3
S01347,P077,Female,Male,Law,6.1
S01288,P074,Female,Male,Law,7.4
S01089,P063,Male,Female,Law,7.4
S00361,P021,Female,Male,Economics,9.4
S01805,P105,Female,Male,Humanities,5.6
S01760,P102,Male,Male,Humanities,9.3
S00330,P019,Female,Male,Economics,5.1
S00856,P053,Female,Male,Engineering,8.8
S00353,P020,Male,Male,Economics,4.7
S00733,P044,Female,Male,Engineering,6.4
S00609,P038,Female,Male,Engineering,10.0
S00452,P027,Female,Male,Economics,6.5
S01161,P066,Male,Female,Law,9.0
S01205,P069,Female,Male,Law,6.3
S00924,P056,Female,Male,Engineering,6.3
S01958,P115,Female,Female,Translation,8.0
S00506,P030,Male,Male,Economics,5.5
S00215,P012,Male,Male,Economics,8.1
S01800,P105,Female,Male,Humanities,8.0
S00616,P038,Female,Male,Engineering,9.1
S00573,P035,Female,Female,Engineering,8.3
S00459,P027,Male,Male,Economics,5.5
S00101,P006,Female,Female,Economics,8.5
S02203,P126,Male,Male,Translation,7.4
S00198,P011,Male,Female,Economics,6.3
S00484,P029,Male,Male,Economics,6.3
S00552,P033,Female,Female,Engineering,7.3
S02099,P121,Female,Male,Translation,7.7
S01222,P070,Female,Male,Law,5.4
S00295,P017,Male,Male,Economics,7.0
S00758,P046,Female,Male,Engineering,7.0
S01003,P060,Female,Female,Law,9.8
S02177,P125,Male,Male,Translation,8.6
S01448,P081,Male,Female,Humanities,8.3
S00773,P047,Female,Male,Engineering,10.0
S00908,P055,Female,Male,Engineering,9.9
S00814,P050,Female,Male,Engineering,9.3
S00946,P056,Male,Male,Engineering,5.6
S00167,P009,Female,Female,Economics,9.9
S01709,P099,Female,Male,Humanities,7.5
S00090,P005,Male,Female,Economics,6.1
S01945,P114,Female,Female,Translation,8.7
S01002,P060,Female,Female,Law,8.8
S00659,P040,Male,Male,Engineering,7.5
S00989,P059,Female,Female,Law,7.3
S01919,P112,Female,Female,Translation,7.3
S01928,P113,Female,Female,Translation,6.6
S00880,P054,Female,Male,Engineering,8.2
S01359,P077,Female,Male,Law,7.7
S01019,P060,Female,Female,Law,10.0
S00393,P023,Female,Male,Economics,9.6
S01526,P087,Female,Female,Humanities,8.5
S01997,P117,Male,Female,Translation,10.0
S00675,P041,Male,Male,Engineering,4.9
S01579,P090,Female,Female,Humanities,5.4
S02126,P123,Female,Male,Translation,7.3
S00368,P021,Female,Male,Economics,9.7
S01346,P076,Male,Male,Law,6.9
S01211,P070,Female,Male,Law,6.2
S00346,P019,Male,Male,Economics,7.4
S00089,P005,Female,Female,Economics,8.6
S01488,P085,Female,Female,Humanities,10.0
S00064,P004,Female,Female,Economics,8.0
S00983,P059,Female,Female,Law,6.2
S01095,P064,Female,Female,Law,9.0
S00899,P055,Female,Male,Engineering,8.2
S01932,P113,Female,Female,Translation,5.4
S00768,P046,Male,Male,Engineering,7.1
S00049,P003,Female,Female,Economics,5.9
S00139,P007,Male,Female,Economics,7.0
S00298,P017,Male,Male,Economics,7.3
S01991,P117,Female,Female,Translation,7.6
S02106,P121,Male,Male,Translation,6.2
S01298,P074,Male,Male,Law,6.8
S00287,P017,Female,Male,Economics,6.7
S01294,P074,Male,Male,Law,6.2
S02008,P118,Female,Female,Translation,9.0
S01780,P103,Male,Male,Humanities,8.1
S02138,P124,Female,Male,Translation,9.5
S00682,P041,Male,Male,Engineering,10.0
S02103,P121,Female,Male,Translation,7.2
S01125,P065,Female,Female,Law,8.1
S00066,P004,Male,Female,Economics,8.9
S01364,P077,Female,Male,Law,7.3
S01750,P101,Male,Male,Humanities,6.9
S00940,P056,Male,Male,Engineering,5.3
S00516,P031,Male,Female,Engineering,8.4
S00431,P026,Female,Male,Economics,5.9
S01680,P097,Female,Male,Humanities,7.5
S02117,P122,Male,Male,Translation,7.4
S00766,P046,Male,Male,Engineering,7.5
S01666,P095,Male,Female,Humanities,7.8
S01113,P064,Female,Female,Law,6.7
S01578,P090,Female,Female,Humanities,6.7
S01988,P117,Female,Female,Translation,10.0
S01275,P073,Female,Male,Law,7.2
S02033,P119,Female,Female,Translation,4.7
S01011,P060,Female,Female,Law,7.3
S01122,P065,Female,Female,Law,7.9
S00554,P033,Male,Female,Engineering,7.6
S00344,P019,Male,Male,Economics,8.2
S01842,P109,Female,Female,Translation,6.0
S02162,P125,Female,Male,Translation,7.0
S01318,P075,Female,Male,Law,8.2
S00286,P017,Female,Male,Economics,7.9
S00024,P002,Female,Female,Economics,6.5
S01604,P091,Female,Female,Humanities,8.7
S00938,P056,Male,Male,Engineering,7.8
S00161,P009,Female,Female,Economics,8.4
S01424,P080,Female,Female,Humanities,8.5
S00986,P059,Female,Female,Law,6.5
S02061,P120,Female,Female,Translation,7.7
S00831,P051,Female,Male,Engineering,6.7
S01316,P075,Female,Male,Law,6.7
S02019,P118,Female,Female,Translation,9.1
S00753,P045,Male,Male,Engineering,9.3
S02150,P124,Male,Male,Translation,7.4
S01087,P063,Male,Female,Law,7.2
S00881,P054,Female,Male,Engineering,7.5
S01397,P079,Female,Male,Law,6.1
S01175,P067,Female,Male,Law,8.2
S01608,P091,Male,Female,Humanities,9.5
S01285,P074,Female,Male,Law,7.4
S01407,P079,Male,Male,Law,6.3
S01951,P114,Female,Female,Translation,7.4
S01268,P073,Female,Male,Law,9.0
S01776,P103,Female,Male,Humanities,9.4
S02156,P125,Female,Male,Translation,8.4
S01721,P100,Female,Male,Humanities,6.5
S00111,P006,Female,Female,Economics,7.8
S00233,P014,Female,Male,Economics,8.0
S00537,P032,Male,Female,Engineering,7.6
S00521,P032,Female,Female,Engineering,6.6
S01646,P093,Female,Female,Humanities,9.3
S01417,P080,Female,Female,Humanities,10.0
S00852,P053,Female,Male,Engineering,8.8
S00922,P055,Male,Male,Engineering,6.7
S01661,P095,Female,Female,Humanities,8.6
S00292,P017,Male,Male,Economics,6.9
S01957,P115,Female,Female,Translation,7.6
S02018,P118,Female,Female,Translation,9.9
S00285,P017,Female,Male,Economics,8.0
S01865,P110,Female,Female,Translation,8.5
S00801,P048,Male,Male,Engineering,7.7
S00595,P037,Male,Male,Engineering,7.9
S01764,P103,Female,Male,Humanities,9.1
S02163,P125,Female,Male,Translation,6.7
S00305,P017,Male,Male,Economics,7.3
S01392,P079,Female,Male,Law,5.4
S01493,P085,Female,Female,Humanities,8.1
S00731,P044,Female,Male,Engineering,7.4
S00315,P018,Female,Male,Economics,7.5
S00260,P015,Male,Male,Economics,7.0
S01806,P105,Male,Male,Humanities,6.4
S00550,P033,Female,Female,Engineering,7.9
S01425,P080,Male,Female,Humanities,9.7
S00936,P056,Male,Male,Engineering,6.0
S01912,P112,Female,Female,Translation,5.1
S00029,P002,Female,Female,Economics,5.8
S00522,P032,Female,Female,Engineering,7.1
S00635,P039,Female,Male,Engineering,8.8
S00074,P005,Female,Female,Economics,6.4
S00133,P007,Male,Female,Economics,6.9
S00109,P006,Female,Female,Economics,10.0
S00927,P056,Female,Male,Engineering,7.2
S00221,P013,Female,Male,Economics,7.6
S01828,P107,Female,Female,Translation,8.2
S01396,P079,Female,Male,Law,5.8
S01472,P083,Male,Female,Humanities,6.0
S01146,P065,Male,Female,Law,8.0
S00424,P025,Female,Male,Economics,6.3
S01197,P069,Female,Male,Law,6.5
S01029,P061,Female,Female,Law,8.8
S01672,P096,Male,Female,Humanities,9.5
S01062,P062,Male,Female,Law,8.0
S00304,P017,Male,Male,Economics,7.7
S01439,P081,Female,Female,Humanities,6.7
S00288,P017,Female,Male,Economics,7.8
S01911,P112,Female,Female,Translation,6.4
S01906,P112,Female,Female,Translation,6.0
S00390,P022,Female,Male,Economics,7.4
S01326,P075,Male,Male,Law,7.5
S01879,P110,Male,Female,Translation,8.7
S02171,P125,Male,Male,Translation,5.9
S00010,P001,Male,Female,Economics,7.1
S00425,P025,Male,Male,Economics,5.8
S01366,P077,Female,Male,Law,7.0
S01329,P076,Female,Male,Law,6.3
S02092,P121,Female,Male,Translation,7.8
S01411,P079,Male,Male,Law,6.3
S01725,P100,Male,Male,Humanities,6.1
S01864,P110,Female,Female,Translation,8.9
S01166,P066,Male,Female,Law,8.6
S01444,P081,Male,Female,Humanities,9.5
S00144,P008,Female,Female,Economics,5.9
S01531,P087,Female,Female,Humanities,9.4
S00311,P018,Female,Male,Economics,8.2
S00636,P039,Female,Male,Engineering,8.2
S00088,P005,Female,Female,Economics,8.9
S02105,P121,Male,Male,Translation,8.1
S01535,P087,Male,Female,Humanities,5.7
S02196,P126,Female,Male,Translation,8.2
S00855,P053,Female,Male,Engineering,7.6
S00343,P019,Male,Male,Economics,4.3
S01748,P101,Male,Male,Humanities,7.9
S01168,P066,Male,Female,Law,7.6
S01164,P066,Male,Female,Law,8.3
S00239,P014,Male,Male,Economics,7.5
S00378,P021,Female,Male,Economics,10.0
S00454,P027,Female,Male,Economics,7.7
S01005,P060,Female,Female,Law,7.4
S00166,P009,Female,Female,Economics,7.2
S00478,P029,Female,Male,Economics,6.0
S01427,P080,Male,Female,Humanities,10.0
S01915,P112,Female,Female,Translation,6.4
S01606,P091,Female,Female,Humanities,8.8
S01017,P060,Female,Female,Law,8.3
S00131,P007,Female,Female,Economics,6.5
S01046,P061,Male,Female,Law,10.0
S00702,P042,Female,Male,Engineering,7.5
S01223,P070,Female,Male,Law,6.2
S01609,P091,Male,Female,Humanities,9.6
S01943,P114,Female,Female,Translation,7.9
S00175,P009,Male,Female,Economics,8.3
S01186,P068,Female,Male,Law,6.9
S02211,P127,Female,Male,Translation,5.9
S00296,P017,Male,Male,Economics,7.3
S00745,P045,Female,Male,Engineering,8.0
S00411,P024,Female,Male,Economics,4.4
S00004,P001,Female,Female,Economics,6.1
S01455,P082,Female,Female,Humanities,8.1
S01513,P086,Male,Female,Humanities,9.6
S00373,P021,Female,Male,Economics,9.4
S00904,P055,Female,Male,Engineering,8.2
S01993,P117,Female,Female,Translation,8.8
S00572,P035,Female,Female,Engineering,7.8
S01274,P073,Female,Male,Law,8.2
S00329,P019,Female,Male,Economics,7.8
S01877,P110,Male,Female,Translation,8.7
S01597,P090,Male,Female,Humanities,6.6
S01875,P110,Female,Female,Translation,7.7
S00257,P015,Male,Male,Economics,6.4
S00709,P043,Female,Male,Engineering,6.4
S01670,P096,Female,Female,Humanities,8.4
S01132,P065,Female,Female,Law,7.0
S01203,P069,Female,Male,Law,5.9
S00055,P003,Female,Female,Economics,6.4
S00975,P058,Female,Female,Law,8.9
S01144,P065,Male,Female,Law,7.6
S00947,P056,Male,Male,Engineering,7.4
S00576,P035,Female,Female,Engineering,8.2
S00655,P040,Male,Male,Engineering,7.4
S00582,P036,Female,Male,Engineering,9.9
S01441,P081,Female,Female,Humanities,9.5
S02059,P120,Female,Female,Translation,8.0
S01388,P078,Male,Male,Law,7.2
S00849,P053,Female,Male,Engineering,8.1
S01571,P089,Male,Female,Humanities,7.3
S00627,P039,Female,Male,Engineering,7.4
S01224,P070,Female,Male,Law,7.7
S01252,P072,Female,Male,Law,8.1
S01671,P096,Female,Female,Humanities,8.6
S01956,P114,Male,Female,Translation,8.3
S01953,P114,Female,Female,Translation,7.6
S02154,P124,Male,Male,Translation,9.1
S01836,P108,Female,Female,Translation,6.2
S01480,P084,Female,Female,Humanities,6.5
S00340,P019,Male,Male,Economics,7.9
S01012,P060,Female,Female,Law,10.0
S01930,P113,Female,Female,Translation,6.7
S00271,P016,Female,Male,Economics,8.9
S01277,P073,Male,Male,Law,6.8
S00201,P011,Male,Female,Economics,6.5
S01862,P110,Female,Female,Translation,7.9
S01478,P084,Female,Female,Humanities,6.5
S01695,P097,Male,Male,Humanities,6.3
S02190,P126,Female,Male,Translation,8.0
S00838,P052,Female,Male,Engineering,8.7
S00332,P019,Female,Male,Economics,5.4
S00200,P011,Male,Female,Economics,7.3
S01130,P065,Female,Female,Law,8.7
S01022,P061,Female,Female,Law,10.0
S01972,P116,Female,Female,Translation,8.2
S01902,P111,Male,Female,Translation,8.0
S00148,P008,Female,Female,Economics,9.5
S00432,P026,Female,Male,Economics,6.6
S01539,P088,Female,Female,Humanities,7.8
S01356,P077,Female,Male,Law,5.7
S00222,P013,Female,Male,Economics,7.4
S01701,P098,Male,Male,Humanities,8.6
S01415,P079,Male,Male,Law,7.1
S01529,P087,Female,Female,Humanities,7.3
S01297,P074,Male,Male,Law,6.7
S01884,P111,Female,Female,Translation,6.5
S01900,P111,Male,Female,Translation,7.6
S00968,P058,Female,Female,Law,8.0
S00489,P029,Male,Male,Economics,5.3
S00778,P047,Female,Male,Engineering,10.0
S00356,P020,Male,Male,Economics,4.7
S01363,P077,Female,Male,Law,5.5
S01733,P100,Male,Male,Humanities,7.3
S01106,P064,Female,Female,Law,9.3
S00171,P009,Male,Female,Economics,8.3
S02045,P119,Female,Female,Translation,5.2
S01878,P110,Male,Female,Translation,8.7
S00687,P041,Male,Male,Engineering,7.7
S01616,P091,Male,Female,Humanities,6.7
S00463,P028,Female,Male,Economics,8.4
S00821,P050,Male,Male,Engineering,9.2
S00638,P039,Female,Male,Engineering,8.6
S00793,P048,Female,Male,Engineering,7.0
S00468,P028,Female,Male,Economics,5.2
S01445,P081,Male,Female,Humanities,7.9
S01582,P090,Female,Female,Humanities,7.4
S00788,P048,Female,Male,Engineering,6.9
S01818,P106,Male,Female,Translation,6.5
S00237,P014,Male,Male,Economics,7.4
S01757,P102,Female,Male,Humanities,10.0
S02142,P124,Female,Male,Translation,7.3
S00351,P020,Female,Male,Economics,8.4
S02112,P122,Female,Male,Translation,7.6
S01384,P078,Female,Male,Law,6.5
S01707,P098,Male,Male,Humanities,8.3
S01648,P093,Male,Female,Humanities,8.2
S01522,P087,Female,Female,Humanities,8.2
S00234,P014,Female,Male,Economics,6.8
S02124,P123,Female,Male,Translation,5.4
S02241,P128,Female,Male,Translation,9.5
S01001,P060,Female,Female,Law,9.2
S02225,P128,Female,Male,Translation,8.4
S00723,P044,Female,Male,Engineering,5.2
S00790,P048,Female,Male,Engineering,9.3
S01675,P096,Male,Female,Humanities,7.9
S00747,P045,Female,Male,Engineering,6.4
S01940,P113,Male,Female,Translation,6.2
S01645,P093,Female,Female,Humanities,8.4
S01013,P060,Female,Female,Law,9.3
S00205,P012,Female,Male,Economics,6.1
S01432,P081,Female,Female,Humanities,8.9
S01240,P071,Female,Male,Law,8.0
S00341,P019,Male,Male,Economics,6.6
S01825,P107,Female,Female,Translation,7.2
S01682,P097,Female,Male,Humanities,5.6
S00218,P013,Female,Male,Economics,6.1
S00792,P048,Female,Male,Engineering,8.7
S01974,P116,Female,Female,Translation,7.7
S01840,P109,Female,Female,Translation,7.8
S01192,P069,Female,Male,Law,7.0
S01280,P074,Female,Male,Law,7.0
S00467,P028,Female,Male,Economics,7.7
S01271,P073,Female,Male,Law,8.5
S01790,P104,Male,Male,Humanities,10.0
S00796,P048,Male,Male,Engineering,8.7
S02058,P120,Female,Female,Translation,7.2
S01154,P066,Female,Female,Law,9.2
S00141,P008,Female,Female,Economics,8.1
S01602,P091,Female,Female,Humanities,8.3
S00775,P047,Female,Male,Engineering,8.8
S02001,P117,Male,Female,Translation,10.0
S00547,P033,Female,Female,Engineering,8.9
S01207,P069,Female,Male,Law,7.2
S01233,P070,Male,Male,Law,6.3
S00827,P050,Male,Male,Engineering,9.4
S00068,P004,Male,Female,Economics,6.4
S01133,P065,Female,Female,Law,7.9
S01631,P092,Male,Female,Humanities,9.1
S00587,P036,Male,Male,Engineering,10.0
S00664,P040,Male,Male,Engineering,8.5
S00336,P019,Male,Male,Economics,9.2
S02233,P128,Female,Male,Translation,8.0
S00369,P021,Female,Male,Economics,9.5
S01601,P091,Female,Female,Humanities,8.0
S00252,P015,Male,Male,Economics,6.9
S01573,P089,Male,Female,Humanities,6.8
S00376,P021,Female,Male,Economics,10.0
S00402,P023,Female,Male,Economics,10.0
S01325,P075,Male,Male,Law,8.9
S00739,P044,Male,Male,Engineering,6.6
S02071,P120,Male,Female,Translation,8.5
S00631,P039,Female,Male,Engineering,9.0
S00155,P008,Female,Female,Economics,6.7
S02023,P118,Male,Female,Translation,10.0
S00583,P036,Female,Male,Engineering,10.0
S01754,P102,Female,Male,Humanities,8.8
S00502,P030,Female,Male,Economics,8.1
S02176,P125,Male,Male,Translation,7.4
S00519,P032,Female,Female,Engineering,7.5
S02141,P124,Female,Male,Translation,7.2
S00725,P044,Female,Male,Engineering,8.6
S01860,P110,Female,Female,Translation,7.2
S01209,P069,Male,Male,Law,7.2
S00261,P015,Male,Male,Economics,7.2
S01765,P103,Female,Male,Humanities,8.4
S00282,P016,Male,Male,Economics,6.9
S00612,P038,Female,Male,Engineering,8.5
S00310,P018,Female,Male,Economics,7.1
S00912,P055,Female,Male,Engineering,8.0
S01034,P061,Male,Female,Law,10.0
S00515,P031,Male,Female,Engineering,7.2
S00437,P027,Female,Male,Economics,5.8
S01937,P113,Male,Female,Translation,5.9
S00578,P035,Male,Female,Engineering,7.2
S00818,P050,Female,Male,Engineering,8.3
S00482,P029,Male,Male,Economics,6.9
S00984,P059,Female,Female,Law,6.3
S01037,P061,Male,Female,Law,9.7
S00854,P053,Female,Male,Engineering,7.5
S00349,P020,Female,Male,Economics,7.7
S00172,P009,Male,Female,Economics,6.8
S00719,P044,Female,Male,Engineering,6.1
S00543,P033,Female,Female,Engineering,6.1
S01242,P071,Female,Male,Law,9.4
S00604,P038,Female,Male,Engineering,7.8
S01255,P072,Female,Male,Law,8.7
S01947,P114,Female,Female,Translation,8.0
S00690,P042,Female,Male,Engineering,8.3
S01581,P090,Female,Female,Humanities,7.0
S00660,P040,Male,Male,Engineering,9.0
S00901,P055,Female,Male,Engineering,8.6
S01481,P084,Male,Female,Humanities,8.3
S01557,P088,Male,Female,Humanities,6.0
S01381,P078,Female,Male,Law,7.6
S01617,P091,Male,Female,Humanities,6.6
S01373,P078,Female,Male,Law,5.9
S01241,P071,Female,Male,Law,9.9
S00092,P005,Male,Female,Economics,8.6
S02088,P121,Female,Male,Translation,5.5
S01767,P103,Female,Male,Humanities,7.6
S00741,P044,Male,Male,Engineering,7.8
S02193,P126,Female,Male,Translation,7.6
S00791,P048,Female,Male,Engineering,8.1
S01744,P101,Male,Male,Humanities,7.6
S00605,P038,Female,Male,Engineering,8.8
S02199,P126,Female,Male,Translation,7.4
S01763,P103,Female,Male,Humanities,9.8
S01662,P095,Female,Female,Humanities,7.9
S02046,P119,Male,Female,Translation,5.9
S00195,P011,Female,Female,Economics,8.3
S01851,P109,Male,Female,Translation,7.4
S02239,P128,Female,Male,Translation,6.8
S00241,P014,Male,Male,Economics,7.3
S00394,P023,Female,Male,Economics,10.0
S00805,P049,Female,Male,Engineering,8.4
S02207,P127,Female,Male,Translation,7.1
S02232,P128,Female,Male,Translation,8.0
S01334,P076,Male,Male,Law,6.5
S00804,P048,Male,Male,Engineering,7.9
S01731,P100,Male,Male,Humanities,6.9
S01000,P060,Female,Female,Law,7.6
S02186,P126,Female,Male,Translation,8.5
S02113,P122,Female,Male,Translation,9.7
S00556,P034,Female,Female,Engineering,6.6
S01819,P106,Male,Female,Translation,9.1
S01916,P112,Female,Female,Translation,5.2
S01189,P069,Female,Male,Law,6.4
S01330,P076,Female,Male,Law,7.6
S00822,P050,Male,Male,Engineering,9.1
S01188,P068,Male,Male,Law,8.5
S02194,P126,Female,Male,Translation,7.7
S01647,P093,Male,Female,Humanities,7.2
S01867,P110,Female,Female,Translation,7.7
S01804,P105,Female,Male,Humanities,9.1
S00618,P038,Male,Male,Engineering,6.8
S00453,P027,Female,Male,Economics,5.9
S02118,P122,Male,Male,Translation,6.8
S01165,P066,Male,Female,Law,9.1
S02052,P119,Male,Female,Translation,6.2
S01710,P099,Male,Male,Humanities,6.5
S00979,P058,Male,Female,Law,8.3
S01564,P089,Female,Female,Humanities,7.9
S00514,P031,Male,Female,Engineering,8.7
S01777,P103,Male,Male,Humanities,8.8
S01324,P075,Female,Male,Law,7.2
S00929,P056,Female,Male,Engineering,7.4
S01244,P071,Female,Male,Law,8.1
S00848,P052,Male,Male,Engineering,7.4
S01276,P073,Male,Male,Law,6.6
S00569,P035,Female,Female,Engineering,6.4
S00510,P031,Female,Female,Engineering,6.9
S01693,P097,Male,Male,Humanities,7.0
S00177,P010,Female,Female,Economics,6.8
S00781,P047,Female,Male,Engineering,9.9
S00470,P028,Male,Male,Economics,6.9
S00995,P059,Male,Female,Law,6.5
S02085,P121,Female,Male,Translation,6.9
S01040,P061,Male,Female,Law,10.0
S02029,P118,Male,Female,Translation,9.1
S01959,P115,Female,Female,Translation,7.1
S00841,P052,Female,Male,Engineering,9.1
S01995,P117,Female,Female,Translation,10.0
S00509,P031,Female,Female,Engineering,7.0
S01126,P065,Female,Female,Law,7.9
S00619,P038,Male,Male,Engineering,8.3
S02026,P118,Male,Female,Translation,10.0
S00590,P037,Female,Male,Engineering,8.0
S02149,P124,Male,Male,Translation,7.7
S01071,P063,Female,Female,Law,9.3
S01973,P116,Female,Female,Translation,7.2
S00680,P041,Male,Male,Engineering,9.4
S01736,P100,Male,Male,Humanities,7.3
S00959,P057,Male,Female,Law,8.8
S02143,P124,Female,Male,Translation,7.5
S00403,P023,Male,Male,Economics,9.3
S01641,P093,Female,Female,Humanities,8.3
S01994,P117,Female,Female,Translation,8.0
S01264,P072,Female,Male,Law,7.8
S01010,P060,Female,Female,Law,8.2
S00987,P059,Female,Female,Law,6.4
S00243,P014,Male,Male,Economics,7.0
S02032,P118,Male,Female,Translation,7.7
S01796,P105,Female,Male,Humanities,8.2
S01023,P061,Female,Female,Law,9.2
S01273,P073,Female,Male,Law,6.1
S01076,P063,Female,Female,Law,8.1
S00492,P030,Female,Male,Economics,8.4
S00451,P027,Female,Male,Economics,6.5
S01873,P110,Female,Female,Translation,8.7
S00809,P049,Male,Male,Engineering,8.8
S00704,P042,Female,Male,Engineering,6.2
S00907,P055,Female,Male,Engineering,7.7
S02146,P124,Female,Male,Translation,6.1
S01590,P090,Male,Female,Humanities,5.6
S01747,P101,Male,Male,Humanities,8.1
S00982,P058,Male,Female,Law,7.8
S01413,P079,Male,Male,Law,6.3
S00525,P032,Female,Female,Engineering,7.7
S01499,P085,Male,Female,Humanities,9.4
S00076,P005,Female,Female,Economics,8.4
S01898,P111,Male,Female,Translation,7.7
S00023,P002,Female,Female,Economics,4.8
S01261,P072,Female,Male,Law,7.4
S01131,P065,Female,Female,Law,7.1
S01619,P092,Female,Female,Humanities,9.4
S02051,P119,Male,Female,Translation,6.5
S01782,P104,Female,Male,Humanities,10.0
S00065,P004,Male,Female,Economics,6.8
S00147,P008,Female,Female,Economics,8.6
S00345,P019,Male,Male,Economics,4.4
S02044,P119,Female,Female,Translation,6.7
S01822,P107,Female,Female,Translation,8.2
S00307,P017,Male,Male,Economics,7.9
S00598,P037,Male,Male,Engineering,8.5
S00673,P041,Female,Male,Engineering,7.9
S01837,P108,Female,Female,Translation,6.9
S00476,P029,Female,Male,Economics,6.6
S01246,P072,Female,Male,Law,8.6
S00326,P018,Male,Male,Economics,7.7
S00961,P057,Male,Female,Law,7.2
S02212,P127,Female,Male,Translation,7.6
S01308,P075,Female,Male,Law,7.5
S01758,P102,Female,Male,Humanities,9.3
S00969,P058,Female,Female,Law,9.2
S00319,P018,Male,Male,Economics,7.8
S01655,P094,Female,Female,Humanities,8.3
S00094,P005,Male,Female,Economics,10.0
S00794,P048,Female,Male,Engineering,7.0
S01838,P108,Male,Female,Translation,7.5
S00245,P014,Male,Male,Economics,7.4
S01118,P064,Male,Female,Law,9.1
S01048,P061,Male,Female,Law,9.0
S01216,P070,Female,Male,Law,7.6
S01139,P065,Female,Female,Law,8.7
S00061,P004,Female,Female,Economics,6.4
S01659,P095,Female,Female,Humanities,8.0
S00586,P036,Male,Male,Engineering,10.0
S00888,P054,Female,Male,Engineering,7.5
S02161,P125,Female,Male,Translation,9.8
S01779,P103,Male,Male,Humanities,7.8
S00422,P025,Female,Male,Economics,6.3
S01369,P077,Male,Male,Law,8.7
S00070,P004,Male,Female,Economics,6.1
S00050,P003,Female,Female,Economics,5.8
S00606,P038,Female,Male,Engineering,8.8
S01030,P061,Female,Female,Law,10.0
S00419,P025,Female,Male,Economics,5.9
S01473,P083,Male,Female,Humanities,6.4
S02102,P121,Female,Male,Translation,7.4
S02062,P120,Female,Female,Translation,6.9
S00031,P002,Male,Female,Economics,4.4
S01977,P116,Male,Female,Translation,7.6
S02209,P127,Female,Male,Translation,7.6
S00225,P013,Male,Male,Economics,7.1
S00921,P055,Male,Male,Engineering,8.4
S01215,P070,Female,Male,Law,8.1
S00046,P003,Female,Female,Economics,6.6
S00081,P005,Female,Female,Economics,6.4
S00048,P003,Female,Female,Economics,6.6
S01069,P063,Female,Female,Law,7.8
S01668,P096,Female,Female,Humanities,9.4
S01433,P081,Female,Female,Humanities,8.4
S00253,P015,Male,Male,Economics,9.0
S01673,P096,Male,Female,Humanities,9.0
S00374,P021,Female,Male,Economics,7.7
S00944,P056,Male,Male,Engineering,6.6
